stock,supplier_price,demand,season,reviews,competitor_price,price,product_name
152,95.45685612918778,159,0,3.2082619060623268,62.35704990016302,144.1353482675637,Milkmade
485,23.236613283613416,152,0,4.466923758392818,36.61070486269875,58.919058955076494,Ghee
398,93.3928862645345,169,0,3.4936203922477294,77.50764930331445,139.78059506819852,Butter
320,54.29046637715844,20,1,3.7840276163608113,25.52108820334931,87.10732071956141,Paneer
156,33.24199494690625,147,-1,3.1333929251491535,109.00140525444561,60.939756509550044,Cream
121,51.322218061443515,87,-1,4.969148980853129,137.3517163578963,75.2996198407935,Curd
238,98.20293177569293,86,-1,3.228739352309307,128.84419092800613,130.07063771550446,Milk Powder
70,54.33562845935826,263,0,4.426856327263879,36.55803154822454,108.29284212708954,Cheese
152,39.587644925875736,267,1,3.5687391258918977,36.41524782400514,88.36997986847928,Scoop Ice Cream
171,67.00607688850532,272,-1,3.01554351271035,125.74648270215432,107.00607453959267,Lassi
264,31.613105690037376,94,1,4.499296909912153,140.15305569840507,68.29541394330403,Kulfi
380,16.827699529779753,155,0,3.334016972572608,79.88707787835358,48.71567305628221,Peda
137,21.59917497195843,51,-1,4.662983368494528,84.86624519878957,36.613897022266784,Ghee
422,21.524125506199518,134,1,4.7881429622945575,61.374065380144366,58.96678446275491,Rasmalai
149,23.67124241610649,176,0,4.64955958847819,136.2544653733338,56.87372405471962,Milk Pudding
409,22.49444553844691,250,1,2.587519787017014,103.83737768800627,66.9482381976288,Cream
201,67.67872703228932,289,-1,4.468433362512764,57.472705031757904,116.23527707806034,Rasgulla
180,26.369207595923033,197,-1,3.52834866624786,58.841773237052706,55.09024633948452,Kefir
199,41.11005549914769,28,0,4.684307300455563,135.8560094982683,69.63469703674494,Milkmade
358,90.71095689154106,77,0,4.094885656711847,21.77242310775679,128.60102876205386,Ghee
307,52.65654762365851,227,0,4.584107835359896,61.95445445446299,101.33772516665238,Butter
393,70.08019646689245,111,1,3.7485794246670885,92.06636855812798,110.46570454149688,Paneer
463,25.508788408146685,51,1,3.837563761497332,39.2682700729122,50.203305946205575,Cream
343,27.30601169278037,297,1,2.860969080334168,31.972838045946673,77.30490187658557,Curd
435,13.678175463983099,176,0,4.459968396723388,125.98592304177279,43.94229148773809,Milk Powder
241,25.204155676494807,118,-1,3.548474029167429,136.27257052430593,46.42040725496467,Cheese
493,35.073130512876276,45,-1,3.7502002956789564,127.06883470376464,49.92872787634762,Scoop Ice Cream
326,25.93094358490721,241,1,4.462744285239269,136.84242566585522,75.56331482701391,Lassi
210,17.983228038135003,238,1,3.9971135001985973,91.9045562375883,66.81330252981887,Kulfi
363,20.857228399054073,173,-1,3.002746818606669,125.59355572874445,51.29202421484356,Peda
71,51.47008912294532,82,-1,3.975581647877232,69.92554299084306,76.39361999558199,Ghee
302,28.570034656521326,145,1,3.5190821449491394,106.614821992275,61.86659191903746,Rasmalai
285,42.78428749432679,79,1,3.673813855109657,148.54861908059138,74.69088026236435,Milk Pudding
394,55.30755437693712,205,-1,2.5707781860066694,49.34460409908657,93.05409390997178,Cream
98,72.13553457664287,278,0,3.025073373790704,70.68696701784049,120.49791839886394,Rasgulla
108,13.538092585698905,58,1,3.202595203452571,82.40615905031113,41.17445322972564,Kefir
219,81.94693590181384,139,-1,4.282400019647015,37.942013312606726,118.50218082909916,Milkmade
237,66.51103505418169,14,-1,2.5287311832452883,30.535019360457383,88.65747220925695,Ghee
320,17.35831287539847,36,-1,3.5219431530728302,127.86397262181117,33.38189378503628,Butter
239,88.62207616960995,169,-1,4.810067176064332,146.98326846758619,135.76239827319884,Paneer
495,92.87851604786319,158,0,2.7797015413728094,72.61425829785563,133.7723706192871,Cream
224,15.497016386937737,273,-1,3.7910609705465275,31.394478705304927,47.357374695444165,Curd
495,34.918988333248336,239,1,4.466305955977118,28.55552888977494,83.02303295608924,Milk Powder
100,82.55811518137551,209,0,4.856328268800292,135.87136682683882,132.55681672067843,Cheese
413,77.34337213452925,59,-1,4.366941598834295,80.2958524645984,102.18684126202595,Scoop Ice Cream
104,26.60689174207396,76,0,4.3014138716110155,61.60355115311095,52.48616427038109,Lassi
293,28.841439100303926,67,1,4.566220225489406,81.93996526112194,59.0387007096603,Kulfi
369,43.34248925122438,268,-1,3.6155030524438594,61.37953231000515,86.00306093621609,Peda
180,53.60706866719192,139,1,4.514611331544582,83.5746507899906,97.98417961720487,Ghee
356,65.64292943772664,224,-1,2.519911011863628,131.7423315993318,99.93871471982965,Rasmalai
184,43.202227561279514,181,-1,4.811402638442012,96.99917823807243,84.14653645012768,Milk Pudding
70,51.62812445198331,267,-1,3.608266273792938,110.3049904653228,91.34786245817324,Cream
378,77.2723844320381,111,-1,3.883450469664369,67.40718791046376,109.92995297508585,Rasgulla
216,13.30148826015381,218,-1,3.1372056222872056,116.00576420636743,42.054578213383536,Kefir
323,32.719324990961866,295,0,4.356327082101053,106.6602210343184,84.9627992075986,Milkmade
437,74.20146272960972,125,-1,2.691589516188122,35.54305970776734,100.60881978504248,Ghee
138,90.56861539184794,273,-1,4.681589506367088,94.443570905026,144.31354978140413,Butter
365,56.05096979040995,159,0,4.570292072515857,53.376654520268545,98.15706166840155,Paneer
63,57.89021367387841,45,0,3.040150290611916,124.53243705236706,80.24026349673038,Cream
291,19.645481020579844,296,0,4.523310995713156,75.37190210070213,68.019189199496,Curd
314,50.26711301411092,217,0,4.465894332653704,149.30894147554332,99.65486699039074,Milk Powder
395,57.935553980952086,115,0,4.080541494384873,32.02505693206529,98.23947057202386,Cheese
102,31.82234532712567,167,0,3.4338004422492188,121.44522215622061,60.512726487205214,Scoop Ice Cream
435,34.231890785444286,130,-1,3.17874688545467,107.58122536048035,55.97039188134393,Lassi
389,43.95557467941604,64,-1,3.079458975723375,119.7748479767917,61.48813770038634,Kulfi
141,11.806407799995373,21,1,3.296522406909018,59.978873413759324,30.148517585171163,Peda
416,38.987124902486045,154,-1,4.758896108581325,83.96708361971207,68.8838097845749,Ghee
493,29.03032062968902,145,-1,2.694101939971953,123.54610756408209,49.453570521095806,Rasmalai
477,39.47476169601232,12,0,4.572178190632396,50.23037311071115,66.83178703128698,Milk Pudding
313,20.778591863732608,153,0,3.372225187604559,49.38431558252477,54.53620182699799,Cream
480,90.14745526659054,39,-1,3.8039984900283956,91.63662392834121,113.95886680002502,Rasgulla
84,63.42332081986438,246,1,4.486214084121227,88.06326533888125,117.55475745224943,Kefir
255,71.11920872300406,288,0,4.710941367557428,56.694121153681266,127.32736010706122,Milkmade
130,81.02541147466044,124,-1,3.3619535501816173,58.74983456822696,112.10649976679682,Ghee
469,54.85979790361515,113,-1,3.654608703187776,56.11987121685351,84.38431256378327,Butter
99,17.82282592786813,127,1,3.536290162041981,120.29656805980339,51.10006906601011,Paneer
409,58.3395887636693,14,1,2.5331275837597764,104.74711252311988,87.51193155096846,Cream
437,62.815700621879124,257,0,3.2398572221466413,128.21423384333286,113.20710509654705,Curd
51,77.0895526765897,130,1,3.6479730843314044,146.81149368082282,121.87711573456141,Milk Powder
439,48.84935916067114,295,-1,3.5277340222010993,81.64135851535823,95.23830075985286,Cheese
103,21.48222725160074,158,-1,4.304823068789199,28.67020458270835,47.233029723718666,Scoop Ice Cream
155,35.539831521885205,93,1,3.462009043052758,26.252000353564604,68.2643868550941,Lassi
309,42.67740667587716,240,1,3.7234411224266757,58.436455105310486,91.27548392583181,Kulfi
359,68.13255171984412,297,1,3.5740214803309085,141.23079661581863,123.51457117796936,Peda
240,61.37004742020207,170,1,4.351565372235926,88.01769714621373,106.12419578677995,Ghee
451,42.048705330806165,281,0,4.657430997467406,55.33224709041679,90.44767389658547,Rasmalai
267,98.78637239136818,47,1,3.8297226975187852,71.89168328643254,143.97591063272372,Milk Pudding
93,64.51973374211985,235,0,4.473580485487978,97.8173639626072,111.64828834086664,Cream
211,31.350411256239504,151,-1,3.2419667050496264,104.88345555791949,55.33883265083296,Rasgulla
251,19.160422535836336,160,1,3.8534240253931715,40.009536271777655,54.24632042007744,Kefir
495,23.75732252658988,123,0,3.363074884174931,147.01411795087287,52.535439070686515,Milkmade
319,32.136195554605735,246,1,3.535502313929576,90.82038950776254,74.95232553203701,Ghee
400,24.46132359336001,75,-1,4.331034662031671,37.63948131299631,49.386144423064785,Butter
353,26.79103216461752,267,-1,4.704156205831781,136.17258293499737,71.61741941598402,Paneer
320,35.65856518244624,258,-1,2.8037384777194134,29.702996040325743,72.77365438218322,Cream
264,25.603623576527934,189,1,4.0865981412184516,138.00560631307667,68.62452138973845,Curd
301,90.70888821637827,199,1,3.9553595189444963,149.5535353175677,140.78334912892956,Milk Powder
239,17.2210371095478,163,0,2.7960375979398298,111.0561338903455,43.742805078761336,Cheese
345,57.20602506132292,205,-1,3.0297358261002727,120.15813873961866,96.19303985850273,Scoop Ice Cream
262,46.935714429069535,271,1,3.2775062368317007,63.84936874077323,94.0302057633024,Lassi
257,98.41407552177458,152,-1,2.9173276770437537,142.40499085541137,134.87201199936794,Kulfi
286,20.08350119512471,110,-1,3.1093237063108545,88.86281559408779,40.28114083642534,Peda
387,45.80700391411675,253,0,3.1690019971542687,115.21049805768213,87.33954096539232,Ghee
416,97.2523389947832,21,0,3.339184582597649,140.1340030684663,133.16014028297798,Rasmalai
102,87.89564133045822,248,0,4.373476132002898,146.7733968768161,139.70578430060147,Milk Pudding
329,83.5364863854352,58,0,3.929780509626502,128.31656635756767,120.80706877047952,Cream
459,33.211254434044584,51,-1,4.9656166798785035,59.3922759076639,54.92984227955309,Rasgulla
266,25.379882865105923,175,0,3.5368395674186774,145.6511771517707,61.0696858985827,Kefir
301,70.17788979319879,91,0,4.384662684592312,101.65553906166433,104.57460908872994,Milkmade
237,93.64383902148272,167,0,4.6786710534413345,140.9835219257548,143.25351600922363,Ghee
429,60.10866037125368,225,0,4.197446232595105,107.89365335586574,110.7910846405215,Butter
90,61.44514205229099,167,-1,3.52966185104374,59.94106504020366,95.69193700711146,Paneer
206,35.19811842942558,143,0,4.383986576864382,68.10318813856608,68.28690046500654,Cream
64,79.25436398727432,76,-1,3.0091678444317123,91.56133102338227,107.09429418055166,Curd
350,26.833937370177104,16,1,3.318880412950331,122.70192940278466,50.930993613427184,Milk Powder
114,39.131131276381936,23,-1,3.866713137748222,61.33773167424354,55.29313039988802,Cheese
394,48.28927947547751,82,-1,3.938523468215371,95.36505159744497,77.35147552664185,Scoop Ice Cream
376,55.68493408160095,172,0,2.5553536886815738,64.9312491649322,89.63744020438928,Lassi
58,31.816875917357223,75,1,4.862785471890022,126.05002260256393,65.02324357818993,Kulfi
393,20.335314226528318,139,1,4.241568178043475,80.67465218983355,58.59635819937882,Peda
178,64.95580381974693,215,1,3.739259375579728,29.97396749087508,117.55595361539307,Ghee
185,35.97674979162302,285,1,4.832818086020771,41.58682779259973,94.8069645321815,Rasmalai
112,62.31143992803511,265,-1,3.5977389131270714,27.9436067905522,112.03503645983443,Milk Pudding
188,23.892644374678206,275,1,4.951088925675929,84.90938298186228,75.29302331459252,Cream
130,53.30260916693357,34,-1,3.7807118931087125,33.82384865526953,69.81677547747954,Rasgulla
441,57.93304892964273,290,-1,2.7857144249949486,34.838196010252176,97.1809607986358,Kefir
212,14.664118314018422,262,-1,4.412002431148193,142.33627380498902,54.301718331664404,Milkmade
468,40.294385037452855,298,1,4.197244312694601,133.4451593828872,99.4851316961144,Ghee
338,22.09732092450768,173,0,4.432466803263967,78.77125758547757,54.321311378645305,Butter
428,15.703747342549097,104,0,4.878605071814203,148.15469171052675,40.46479239840059,Paneer
310,99.09642091509507,279,1,4.441223256627545,20.024248662186206,160.76142578325363,Cream
280,39.01184604772507,119,0,4.028341505541617,99.81732931554119,74.026268991067,Curd
90,82.88870012691714,247,0,4.643272255902103,100.13566305834311,136.21007631893272,Milk Powder
77,32.917658928738746,34,-1,4.1831160983863285,79.46759726308547,49.46750793724324,Cheese
184,71.33524500015363,150,-1,3.5202976420648078,71.60323648145807,106.19068884247491,Scoop Ice Cream
250,78.42050739007179,126,1,4.714049410604433,79.19980761247899,129.24128944199495,Lassi
377,63.60748665470599,34,1,3.0547511519609323,73.94485669035846,95.40156965714485,Kulfi
317,52.441856969514255,88,0,4.28660318727181,114.96402207269892,85.74068422381063,Peda
467,47.06568227325417,77,-1,4.703908637351892,37.59620654652693,70.04726563951978,Ghee
82,41.39814398886958,182,1,4.3282912992582405,45.693098676846915,85.9945456015165,Rasmalai
97,93.65762298230433,21,1,4.2431885476346425,43.467369691015065,134.37252339345565,Milk Pudding
456,84.75574670089563,297,1,4.38159573517959,54.12117606576439,154.28429207691843,Cream
111,96.85242195998613,137,1,3.6626381207516108,88.28359444160583,142.9248838063717,Rasgulla
265,21.186750113699027,105,1,4.685426705392565,34.45713715396843,50.075813783288794,Kefir
342,75.77807276832799,101,1,3.008591187840228,132.86200839244555,110.81247522149899,Milkmade
148,94.45064111389341,150,0,2.8184660400008483,58.6569990701014,135.55469210849444,Ghee
221,26.310975954909413,40,-1,3.213771950296279,41.129938370932024,43.419933474240004,Butter
409,15.984664063009975,29,-1,3.828943491937483,107.83077024777162,23.63984816910687,Paneer
263,76.70085843610532,155,1,3.776404488523345,24.951219077911507,123.43754951775482,Cream
84,61.70258018619207,169,-1,4.551496894191466,100.59591343364134,97.88989305941884,Curd
498,85.76458990824449,52,-1,3.5114216410100436,110.76579598794497,109.17658991392081,Milk Powder
276,22.579513896366056,263,-1,3.7108610657287717,47.939149080273495,59.030362739551755,Cheese
150,81.57405806739011,139,1,2.533419208148489,25.455329547672456,121.93661437868079,Scoop Ice Cream
480,28.14645880429701,69,1,3.5243480911073477,67.27389665952845,54.76764318194851,Lassi
180,24.729034857913405,160,-1,4.119435582375855,32.81724993145174,55.089301624466586,Kulfi
306,24.783921813789362,296,-1,2.5387708265664806,35.14212045753382,62.172528495356346,Peda
54,83.3117248208244,14,1,3.2022049129656094,53.053960087832394,112.22715881381423,Ghee
267,69.867749862658,275,0,3.019890898223475,58.41083020147871,125.01511793409642,Rasmalai
304,57.07588822922074,139,-1,2.6049635722739706,88.89614433278467,86.56506424898417,Milk Pudding
447,42.29474357111523,276,0,3.698150224786344,108.1909451153917,92.10682721632261,Cream
408,88.94804867317974,187,-1,2.954308233070391,97.06022231312402,125.09271460711057,Rasgulla
332,45.32005966803718,262,0,4.35770384907845,39.286843847637186,89.12776694348015,Kefir
442,83.49394955244193,65,0,4.619819709408372,42.371184218841435,115.74667909483624,Milkmade
256,49.52214177131966,92,0,3.8639629566728697,134.2400024730789,77.10639927333663,Ghee
64,43.92499864824168,108,1,4.954268356302854,92.58580095833477,82.51688742398352,Butter
395,51.64118071026458,158,0,3.6261964286764883,133.09191827669957,93.00626747237519,Paneer
91,37.12400867477279,165,0,3.783420525562289,68.30104647158367,71.96966857907198,Cream
429,77.2848442158626,199,0,4.973044384894376,99.8720009660721,125.46349726744354,Curd
228,55.24483510832312,272,-1,3.078871089912622,88.0762440870994,98.34976793492226,Milk Powder
112,30.89914256321356,89,0,4.856364849192263,61.486053676660134,56.66741140478095,Cheese
401,90.96171159471116,261,-1,2.607093887797783,81.0889983643674,139.1703944870966,Scoop Ice Cream
280,44.55020992358903,106,0,3.615967225657987,85.32381398750117,75.59247312858584,Lassi
290,58.919757500258974,269,0,2.6750087803326643,46.10022671836822,108.54866567536587,Kulfi
101,91.58248998680922,269,1,4.323086857284108,60.95134840897511,159.6351246721936,Peda
145,66.18141963225929,112,-1,4.021022339700044,122.88326756590683,95.18950529497239,Ghee
437,20.520823663752765,49,0,4.2665856586689905,139.05247112903652,42.4213098805479,Rasmalai
271,94.58489112521276,282,-1,3.4362009999200422,66.77323216088894,151.09912641320548,Milk Pudding
456,66.4937247764276,110,-1,3.4237048350784507,59.90639668717236,98.91548308117687,Cream
280,40.14150531913775,230,1,2.6132981974022367,45.37563139434472,83.88376400618009,Rasgulla
286,22.53448653970485,133,1,3.3748623488240996,108.20385192457556,59.9196873902659,Kefir
192,81.46226703432664,240,1,4.8232210056551486,62.002961216623845,136.7967503933255,Milkmade
220,65.80654803356622,187,1,3.4480663429511225,148.4074400828945,117.32204286625867,Ghee
78,58.01149827786894,72,1,4.578419265554925,62.33902426831392,91.05412965393558,Butter
85,90.45033247458619,125,1,4.605813761874835,71.23768608174166,140.33088769627477,Paneer
62,80.97374901020777,200,1,3.4331028909480845,98.43344550756451,136.37221696510443,Cream
209,23.650739175947606,71,1,4.079971700990472,124.21895811486965,50.34801154972157,Curd
376,38.05498610159934,265,0,2.7384290056826464,81.03742649493239,80.10375532841874,Milk Powder
236,32.36402258330192,16,-1,2.7591964518356913,74.94528439256459,41.95770524683904,Cheese
292,76.95516633154092,164,1,2.6216441591542834,149.43291836732507,126.13257124607547,Scoop Ice Cream
135,13.017919126220145,101,1,3.9525377334377736,21.36417334819278,45.815572099308405,Lassi
333,61.29007163841849,23,-1,3.5651774440652426,136.35848755066195,83.6336334115617,Kulfi
115,78.62128171666215,238,0,3.8700808916606,39.38830737216587,130.63205060112747,Peda
219,88.90890730855745,95,-1,3.8026829762709697,122.17028590715874,125.80465559232333,Ghee
94,40.78735738443167,142,-1,3.375507477726826,100.33110278001874,67.19402170973396,Rasmalai
111,83.91315742048116,192,1,4.193683537058682,64.44014711475197,136.95235806681404,Milk Pudding
490,19.95685632596865,71,-1,4.396254702290976,133.60374421773238,41.53700890884392,Cream
183,86.18070625610663,228,-1,2.536570647194189,21.677939637528958,127.40410708184767,Rasgulla
333,21.47397960987842,255,1,3.0181057494221957,49.46978476974007,60.96210220060443,Kefir
77,45.755856150433054,239,1,4.2830896702083425,93.69606351243968,92.39964248000541,Milkmade
157,81.75658292015983,88,1,3.4665504315845856,65.70049380646074,118.46117881200259,Ghee
93,23.492568461389638,158,1,4.15620986735402,99.34907439138259,65.15652498916624,Butter
389,30.632625570937734,147,-1,3.367406649336396,23.134325143126688,56.28363489069652,Paneer
335,75.00273115537597,74,-1,3.476887880824093,35.13966096262263,104.9627647223708,Cream
495,74.80328828914669,22,0,2.8966971842242124,36.5225112283971,99.5831308556976,Curd
380,67.70328695967676,222,0,3.1455775491654,44.60687396908123,110.46778647326467,Milk Powder
177,72.455360002039,251,-1,4.013529393768968,79.71308730407057,117.55894185937582,Cheese
397,58.84519990128366,222,0,3.582907778287916,117.77673094066425,106.50478666957598,Scoop Ice Cream
280,32.66191530162575,190,-1,4.435756707361488,137.72004893075714,67.75372973434975,Lassi
239,41.112639415352746,182,0,4.631462387345857,128.598428936952,85.80595226003989,Kulfi
274,26.34379451212831,169,1,3.8541160455418995,45.59542333083886,66.871949336948,Peda
434,91.76055052002656,173,0,4.3956682301401475,77.3495717899822,141.30148163199922,Ghee
426,62.50526152895084,197,1,3.267261282986425,45.92350770860955,110.61005777355862,Rasmalai
332,46.07662750872759,200,1,3.5374280385001953,54.3813361667348,95.32795152065785,Milk Pudding
495,51.58052232797194,265,1,4.281944190542077,85.4611075965452,109.12446866385962,Cream
170,95.25550056506339,192,1,3.4655299820425767,28.85417321405793,144.1436029978682,Rasgulla
165,23.801626280447216,126,0,3.971262337897472,48.36266284712552,53.41713551158605,Kefir
282,62.76068488151175,291,-1,2.9634319477062787,141.59916096992526,110.18650181639858,Milkmade
308,55.52998109960194,205,1,3.999428287426245,80.59511804560357,106.62124696619261,Ghee
408,65.0308811891183,43,0,4.653784268067234,77.90024837712339,93.42983142428302,Butter
247,11.629916543875646,61,1,4.671599099558565,21.89373011766626,42.74247069583999,Paneer
460,88.49115180497364,121,0,4.310861015823849,52.16196711758495,135.78039668519156,Cream
186,93.89064542352511,261,0,4.364383447690315,132.61801667768356,149.22907790974978,Curd
367,60.861986523028804,91,0,3.894818612876752,41.40169567362693,97.64499424143726,Milk Powder
214,72.6985741489203,241,-1,3.961670225414562,73.96624213951374,114.19308728010898,Cheese
274,93.02494430595661,236,0,2.834126453526295,21.863017762710165,139.28938088887926,Scoop Ice Cream
356,73.65147708820587,242,0,3.6096479710532527,82.18361261717226,119.7029544200343,Lassi
283,23.72851386228352,230,-1,3.6269407097159094,22.73274387440823,52.932449558558304,Kulfi
221,61.86595241501318,51,-1,4.896244589169351,126.54924189855399,92.47799903708162,Peda
201,64.60435417445703,30,0,3.5777171565582235,127.23098977332347,86.84887792360581,Ghee
364,48.17176041721474,51,-1,3.8733566122568943,122.40648447930808,67.24282425106492,Rasmalai
423,76.27998120622506,122,1,3.8331284981977563,56.837328955845365,116.27292637742191,Milk Pudding
209,94.09303132921134,114,1,4.091904292610818,128.84083836883633,139.5415708360237,Cream
145,93.30116616160987,201,-1,4.37058207832974,90.58975723868501,136.07874030493028,Rasgulla
282,50.57554342637189,26,-1,3.06260469042718,68.59505415271032,69.15849869035794,Kefir
229,20.19142412566797,129,0,3.821811047746089,101.29289476155029,44.92841025746558,Milkmade
162,98.63570790661011,138,-1,4.5647942682900755,21.60433598784862,144.37569155119124,Ghee
367,85.50082778013407,139,0,3.6577867845937786,38.584914088097776,130.64626419720864,Butter
491,21.219641308294015,69,1,3.1961438659339327,116.49815996213417,42.08861802246071,Paneer
101,92.87576943556351,57,-1,4.136772688390748,51.741009133099894,128.5185049429996,Cream
317,88.29067258559155,38,0,4.559418489497808,97.74118525273745,118.71650573863695,Curd
344,56.69542514134649,106,0,2.657850732318478,70.06333836699386,84.0045202161468,Milk Powder
435,63.21478921704363,19,1,4.441976208518068,131.12475124390397,91.4075670637665,Cheese
436,45.910243348311724,251,-1,4.554119832404428,143.81398977956366,87.21308638558051,Scoop Ice Cream
162,14.928547493982819,241,1,3.6538073189715172,134.86341468812475,58.114344206826644,Lassi
150,40.16775174813108,286,0,4.958264142046168,55.180599310167565,94.6425432140472,Kulfi
162,82.25681037382103,293,0,4.466770851768272,45.24117297599069,139.78830050858843,Peda
489,10.416882070414257,212,-1,4.434156412239164,81.67653617069556,44.05762796794577,Ghee
130,40.014925452202974,256,0,4.3695964360301796,20.953439608703437,83.60174442192391,Rasmalai
236,45.8351824231849,299,-1,2.876520258045685,23.355221072213624,91.0377642494002,Milk Pudding
162,58.36560426441306,273,1,3.0430772161325272,91.92778315099001,108.82792282478562,Cream
51,92.78700547714844,223,-1,3.6599753286610626,87.65842254148717,136.059780117999,Rasgulla
179,41.17113949293651,209,-1,3.1600108748986644,149.2956585745838,71.63948851996035,Kefir
269,41.22578817066049,88,0,3.5381024308351012,46.239438597288554,65.70588438611645,Milkmade
103,76.37511232987735,182,0,4.721160274807302,53.5535107908609,124.14224441404464,Ghee
392,50.69961468008265,78,-1,4.5608172296981735,34.760283502417266,80.76996511707516,Butter
273,30.214434064598375,96,0,4.075099696199955,139.2805912549868,53.87867073604298,Paneer
274,50.7195564519424,110,0,4.645300985627759,121.11546177959859,87.86893388414839,Cream
434,22.677131834181985,17,0,4.459430972543123,126.90408448939017,43.83431571517633,Curd
452,25.874828785560098,209,-1,3.572462329602226,137.35929243538612,61.392381049772425,Milk Powder
175,54.853099546553175,96,0,3.0026628801248627,88.23699827435897,81.87318370130748,Cheese
179,47.70329045540931,52,-1,3.785502600023348,78.65511488859408,68.30155493341151,Scoop Ice Cream
102,92.33613109612901,118,0,4.340572206321376,62.95089157653015,139.8833476787541,Lassi
221,42.61545092049698,161,1,3.5910489968239823,96.59789986522121,84.6116225964215,Kulfi
267,62.25295152502391,26,0,4.166929774459743,79.05619158267692,88.69201528202387,Peda
209,66.90378591275774,142,0,2.735818565727609,78.70352625872476,99.0061226210448,Ghee
247,11.178501092950027,157,-1,4.370011840928509,141.80062228504806,34.84908691333147,Rasmalai
465,69.71836348150396,286,-1,4.531784049732655,147.92409685628692,121.66954310189655,Milk Pudding
296,26.02323701827763,241,0,4.2670946394513525,123.5429706128455,70.31084781589234,Cream
373,96.49632857225096,237,1,4.918158968815914,118.37855173210068,155.4942900616678,Rasgulla
488,23.379645497780167,148,0,4.566630143651601,108.47256103128319,57.55143762873154,Kefir
252,47.316171135432135,220,0,4.7577343196913455,41.58973080335679,93.55612110998011,Milkmade
233,17.681470127077947,37,1,4.83392770864412,27.683756713835088,44.559101745332974,Ghee
172,99.71868266613527,60,-1,4.503369979684521,109.7944209647242,136.07376031523597,Butter
450,55.19755092981183,270,0,4.185647105016248,114.74220889335487,109.16849838165756,Paneer
304,63.58465155880394,270,-1,2.514296453401973,26.106488842758175,104.07436806253934,Cream
343,16.036882964958473,17,-1,3.6645643830578116,140.64672752975025,30.828074608233194,Curd
329,77.496442335926,147,1,3.9279057465559024,31.84828312780808,121.08578416896442,Milk Powder
374,28.891503378602717,47,1,3.260075681119999,57.16706939025631,50.8802697951949,Cheese
421,90.82488604966424,120,-1,3.29526111725868,107.41067566383158,123.54336724761237,Scoop Ice Cream
147,28.462567643380645,229,0,4.902898539275412,42.08343727258192,67.95908548535378,Lassi
247,27.16189485972999,232,-1,4.729277163006865,27.204065497491776,62.285297567525355,Kulfi
444,13.28947010632854,145,0,4.62294751375426,63.049043591339476,40.38032429788547,Peda
289,52.48602505989993,265,0,3.515029504265277,119.57630473117328,103.24584275452965,Ghee
193,60.83570199363548,58,1,2.534246376022286,73.77822826808384,87.79527143929568,Rasmalai
146,15.913777548551714,87,0,2.700555616139285,104.88647984803211,38.37117548227848,Milk Pudding
250,79.79748550255096,114,0,3.2804909205440094,95.35048263965777,112.47759404382653,Cream
173,50.795995127322485,178,-1,2.5393572824891923,22.888402663325454,85.85846927539372,Rasgulla
236,57.195124239482205,226,1,2.542874454787995,148.51019831594186,105.9743733270203,Kefir
375,49.668647224440534,128,0,4.791508254106027,25.385651546520407,81.84486691750783,Milkmade
398,46.06867547877934,199,0,4.265396255297635,145.81435589430305,90.61716434243026,Ghee
308,60.36762981773961,264,1,3.2723899751703818,91.48234318737175,113.79914491446053,Butter
197,23.971622133764125,275,-1,2.831611444002383,145.21067351845863,62.55443259587529,Paneer
301,26.3735317445744,158,1,3.779089294737693,34.91796792379861,64.01047406660824,Cream
492,87.56070589121656,173,1,2.513365402135911,83.75310749411672,136.32319185222116,Curd
469,95.15039159202695,149,0,4.84603435964536,42.035531942587625,146.4818895433188,Milk Powder
452,43.597838465177766,267,0,3.537037798472368,26.626734012917513,88.67960009950899,Cheese
395,34.367020582919835,278,-1,3.505837388093332,100.2787849581005,69.58501836198832,Scoop Ice Cream
196,67.95995889151142,190,0,3.4764840189544555,47.011844725019884,114.48086768612896,Lassi
197,46.78607539882868,169,0,2.673320825969412,96.40061237738097,79.87215658274928,Kulfi
401,12.284772009431038,297,1,4.095805599479567,34.607382653368134,61.689570469921776,Peda
248,24.053733762957133,297,0,4.332509049070883,63.15824128625136,66.63967408430089,Ghee
357,74.43750059626578,235,-1,4.190313493970725,121.61223254692213,120.31686130093208,Rasmalai
466,69.30315477191363,20,1,2.846088733323486,76.81669783948439,103.56692594198411,Milk Pudding
473,12.438639325313513,19,-1,3.947100420088981,101.60690393665372,21.45034505883085,Cream
177,29.97749457396545,280,1,3.9237112104306346,104.16953229692098,79.69830982247422,Rasgulla
88,30.796731692926425,282,0,4.671026969853456,129.68815571834818,81.04105890575885,Kefir
387,70.47034692388556,192,1,3.4478191459391176,62.23996327286337,122.2558104217166,Milkmade
409,11.773948397892774,162,1,3.4287148591485854,109.34842313572729,44.788798894978086,Ghee
178,19.369772378611646,133,0,4.046317646795464,145.01005491600154,46.77936849873329,Butter
316,81.99244768358705,123,0,4.082681633748782,114.93163346652284,127.31724012140147,Paneer
490,26.069019584890025,287,-1,3.673213068314476,83.6831619733068,67.77391237352815,Cream
483,68.74714970666872,222,-1,3.607648405826053,101.9932677839508,106.70973791041204,Curd
200,31.436450294205386,181,0,3.735369176594707,116.15877670920406,62.71912666417707,Milk Powder
464,18.949725348341065,297,0,4.65261324875828,99.59584954020342,66.23300867218782,Cheese
347,31.88549718995087,183,0,3.652917253134775,22.167855753679092,64.7222490478181,Scoop Ice Cream
148,75.00402386700932,122,1,4.849829479924557,45.32055469933936,119.2941646139474,Lassi
312,87.01268212956572,131,1,3.760009408990815,125.36086823801058,137.5721685707298,Kulfi
301,84.71978781102925,41,1,4.873001732952229,55.44458415062301,121.27841081525489,Peda
193,45.74651766566093,231,0,4.582079754672689,115.10307554294741,93.8957016151001,Ghee
395,70.12766229135815,128,-1,3.4060783065395728,68.37562798142082,99.88285220305438,Rasmalai
161,28.448586587423886,48,0,4.65910355324154,87.84496266053262,55.518896778674666,Milk Pudding
109,36.383295723491194,277,1,2.775158210502788,28.83652897652248,86.90954334433323,Cream
418,90.67022366690078,242,1,4.812617938357536,43.55932293646224,147.51604122979646,Rasgulla
51,11.170173115966243,27,0,4.079108787707229,144.4356052575005,28.432888231497174,Kefir
434,17.695767776902127,158,0,2.635976871305778,135.7179469480988,41.33604676998035,Milkmade
353,28.70976296314246,158,1,4.110641809127029,104.79576441687652,71.2459112889388,Ghee
303,12.387898348643773,135,1,4.93561913536189,79.75379766014586,51.88819425308226,Butter
189,26.329189158081757,247,1,2.674501636536572,107.8489680763791,68.5019899742454,Paneer
86,62.473740487272295,144,0,3.8867192744502157,100.41933758221207,100.47260259258822,Cream
209,47.92820955332481,160,1,4.369485874398431,93.91179322859958,89.65513848123032,Curd
58,90.34045399692774,245,1,4.525646466748828,27.693019342260435,153.65154718616006,Milk Powder
282,83.56992055645968,233,-1,3.5345686633019895,102.2643393859959,127.77422428792218,Cheese
148,40.76356165280884,212,0,3.010416397920608,119.95960579425189,76.82544792235876,Scoop Ice Cream
196,33.34810900881632,265,-1,2.6058556969309596,149.2306151039248,68.65760849641755,Lassi
353,44.17231673505402,95,-1,3.949315392743062,21.440211837260257,65.26960144416859,Kulfi
257,63.1265448263327,159,1,3.6322776756690267,114.92254893038796,110.01471886504835,Peda
180,34.125727674058865,244,0,4.871860987874277,94.33261107167746,75.09242018521134,Ghee
453,66.17340170642206,31,1,2.6515122692872746,76.42678289052438,96.90746947077422,Rasmalai
201,46.84704869721164,294,0,4.213488358615014,36.584122694278214,95.08556878004774,Milk Pudding
103,59.68424627667822,278,-1,2.562415555300143,73.18106932253392,99.43238266005842,Cream
169,49.2513876221785,267,0,2.928585441776357,66.06903378819759,95.94374145834367,Rasgulla
210,36.50191835877259,38,1,3.6339474998070855,59.367885567236485,68.43357918777744,Kefir
457,95.3607976265941,222,1,3.6371811070071702,115.014351031887,155.32167536365995,Milkmade
165,78.72452147437848,292,1,4.21425135733411,111.09431776695429,138.57057616349044,Ghee
124,22.61018581898073,59,0,4.775532587169391,96.5726118275185,44.11906829469639,Butter
162,88.16211783081215,104,-1,4.097580397287302,142.0264257281384,127.1496112915132,Paneer
469,53.86880784245623,97,-1,4.883837744628773,65.48106994351107,83.43592212404884,Cream
471,90.50970042046822,53,0,4.7040390996949935,51.694251902323344,124.3942858319284,Curd
153,81.98697303525837,287,1,3.961249488826976,105.26743070279194,147.59023034201036,Milk Powder
389,48.26921540223101,180,-1,4.584479877297069,45.84582792186238,87.83742164371105,Cheese
303,12.022237748810566,198,1,4.106444025809085,60.951365933845196,56.38508101497157,Scoop Ice Cream
276,34.180962344645145,193,0,2.696394577309318,49.19831720973502,72.50377541262898,Lassi
161,58.747079319478026,12,1,4.351411808148775,28.98996380340516,93.26863399442536,Kulfi
148,67.01303978435325,200,-1,2.7372711031683656,127.57483641263754,99.15320502883904,Peda
202,33.20989168898821,127,-1,3.985206951424281,53.09027057981595,55.55164457603988,Ghee
398,22.54204666655417,28,1,4.256600514645572,81.49357543459269,48.31008948684295,Rasmalai
451,85.14372131193691,32,0,2.666319020527138,25.630985523060552,113.6862150987239,Milk Pudding
433,98.5961962633197,39,1,3.0769866348163295,110.9141306128436,136.02602756532798,Cream
415,57.312116407241724,117,0,4.789180580654125,62.972930299817804,93.80997468479828,Rasgulla
387,25.451135726347317,290,1,4.040786230582241,116.8157746177973,75.9758264120068,Kefir
243,34.50765938674321,137,-1,3.115715047026329,73.6123978608226,60.14931574651878,Milkmade
359,11.655160889272006,238,0,4.226699427870017,45.4482288327312,45.48705652673727,Ghee
212,92.28689259044491,120,0,3.991941049904224,86.71276069666467,132.32718199957506,Butter
257,20.597597460112702,145,0,3.753939249794871,36.965592752867174,50.66173190840696,Paneer
494,61.88648279628282,195,-1,4.940467437470209,77.27009078348931,105.80734265468647,Cream
218,34.66496986184854,153,1,4.208634443518772,61.24971206466325,71.26543408872853,Curd
210,59.87602022642141,81,-1,3.4386027741697816,138.55474594595233,85.73584433208936,Milk Powder
117,68.62783495166778,138,0,4.50018358019217,27.920733823693595,111.79854952143566,Cheese
338,84.67676233364814,270,1,4.711458232302969,110.22226383374647,147.1927660764257,Scoop Ice Cream
447,28.577914458454288,12,-1,2.8130513987920787,43.75765157836667,34.203462883221896,Lassi
326,10.989624579263243,113,0,3.0013824446131663,61.47585966319118,32.98437841361176,Kulfi
353,22.319706706192655,233,0,3.0405675228194493,74.01682819806857,57.16979949333106,Peda
453,91.00167776632946,19,-1,4.2280295234663505,138.04196161874665,123.0825979670077,Ghee
433,88.65010698062638,240,-1,4.0075988876332085,51.53517458959727,133.64905889643455,Rasmalai
441,63.76717919532775,228,-1,4.04747891174647,31.87014433080713,107.98781132470504,Milk Pudding
184,64.0465174390288,75,0,4.851933249223753,61.42964851876807,94.43881833785083,Cream
244,69.853300709163,121,-1,4.4397788320182645,33.60787616961933,103.70500172517735,Rasgulla
450,25.783415076110465,22,0,2.8198423112794577,36.71754317487182,42.139419897371745,Kefir
177,92.29707513324638,95,-1,3.3687677060629526,94.60057773675346,123.34234259125317,Milkmade
82,47.68934724028658,243,0,3.588484115439339,27.917251302934133,91.84342538986576,Ghee
225,44.48246754245477,99,0,3.4899039718690124,24.021014581163584,70.38421091185464,Butter
492,56.70259347545538,63,1,4.173271522904698,112.8738331911647,89.9041652339409,Paneer
420,14.226937009754954,21,-1,4.729732758141406,67.01412232933578,29.57258593523219,Cream
424,24.965503188047148,218,-1,3.26512865880697,36.29879540040353,54.57199036068904,Curd
71,76.42302547837333,23,0,3.879692841052964,52.96966021176207,109.6441398812956,Milk Powder
287,17.45188011326138,130,0,4.473523554783965,103.47124595581187,48.64689637667544,Cheese
207,64.28368985197494,29,0,3.5405451471133733,55.81975372831065,90.0485534480699,Scoop Ice Cream
87,32.081419871318886,84,1,2.92029532099824,84.28774626565303,56.0461591641192,Lassi
279,45.036605263777886,252,1,3.6873774131593704,35.820389874467395,95.30154190805828,Kulfi
414,35.98243630936299,232,0,2.638056301857571,96.4521728887081,76.94085489805919,Peda
100,42.01054448184542,79,-1,4.855958635005692,61.09009889962433,65.53610526335572,Ghee
487,74.71413146658209,220,-1,2.6870530129874326,101.50589648873314,117.78585249534848,Rasmalai
313,36.74095440608575,110,1,3.5961417881264452,125.09133469952297,68.39563831219105,Milk Pudding
332,60.976417626720746,195,1,3.8247031527213156,99.51403452069901,112.38327448973685,Cream
76,52.84453619791897,141,0,4.963259580718214,58.44718313735269,88.25590559577418,Rasgulla
275,69.73040488263834,120,-1,2.915054559107152,53.24668120127905,103.08348662517776,Kefir
326,94.31467653922822,141,0,2.786078796530896,62.56472463534824,135.62771274599987,Milkmade
335,75.93148874892253,29,1,2.521765367656359,41.40066672074563,104.54845849787873,Ghee
146,29.34463407316811,33,-1,2.8889285921732557,43.55234061050261,39.83147916847298,Butter
333,12.80648215551562,236,-1,3.0181824476691688,122.78984324702182,42.342431518929885,Paneer
416,33.60376398698426,163,1,4.07645235395773,70.01523494596785,78.84436882729075,Cream
497,63.55701376302294,239,0,3.049266975978501,76.67937347417616,106.51949137793886,Curd
366,14.628323213582531,211,0,2.551302036823313,97.22643052368545,42.34006045555898,Milk Powder
353,54.67296224811127,47,-1,4.566545863756222,96.65495436970119,79.85754397618881,Cheese
196,63.71585640252003,269,1,3.413989252509917,28.758993297850346,118.48642010495635,Scoop Ice Cream
53,40.08195017352647,197,-1,3.384241716451835,128.10030222389653,73.19302806822034,Lassi
84,79.38209833712398,66,1,3.2561975729198167,43.05245191911212,118.29646489888039,Kulfi
241,19.593842782039463,29,0,4.938433192866052,113.99931268645695,38.899351615752,Peda
98,16.762400356222788,282,1,2.925288543273204,120.44722845666166,66.19739601112585,Ghee
66,75.5369880583243,128,0,4.745595159883088,112.93693943187078,117.03789181086131,Rasmalai
221,54.59421845855786,80,1,4.44200833034972,95.26709405203887,88.12994909274322,Milk Pudding
269,71.95621567849625,13,-1,2.6911998887482826,21.899169624154773,93.14404604777978,Cream
207,49.13446047433716,230,0,4.966822753752122,66.84881400721218,98.29286435663946,Rasgulla
95,32.17618299151961,23,-1,3.178414908847526,98.62912581713556,43.60409834120648,Kefir
422,83.71920859067798,12,-1,2.7464573175560307,70.36866846993003,106.11760950182216,Milkmade
55,81.94742910720814,225,0,4.573285585314398,132.2523863386657,131.7553912482827,Ghee
148,72.52268237689842,238,0,4.26668883419425,60.14429579545,123.07567894826614,Butter
429,34.49306235069665,195,-1,4.043047014694752,58.15952301962586,72.01494108659348,Paneer
282,63.12076001821784,64,-1,2.8899521592473327,54.579700102045535,82.1501108312109,Cream
86,42.48765072460241,263,-1,3.6962402906399046,63.26151296490342,82.24086624131724,Curd
329,18.242386599397072,33,-1,4.451390067218035,92.46264536084433,36.75645836813407,Milk Powder
398,92.55822179160185,171,0,3.2590598453596007,111.91198825543681,142.6419546800628,Cheese
351,22.313676782706526,167,0,3.2792245712876036,106.13382930604206,52.8533472173286,Scoop Ice Cream
230,95.52136184387221,91,-1,2.5078522651203055,125.00331659759235,126.31918720944104,Lassi
144,50.140519566216014,168,1,2.935608504113449,135.16881941466522,91.49716860963724,Kulfi
148,26.66196359547577,197,1,4.688514062804586,126.09027550463567,75.08337991932179,Peda
237,58.77108526405223,69,0,3.6043662290942677,22.462902438666095,91.82046891391579,Ghee
165,88.56512522887675,220,-1,4.960586248086084,115.66933396175854,134.8659202651268,Rasmalai
240,75.9002397768605,161,-1,3.4892699089344816,47.091944570383106,112.0156756375068,Milk Pudding
302,82.59050330753047,118,0,4.287966136950603,37.28064555203774,123.41250666185263,Cream
465,69.29050300396456,85,1,3.2047976072618227,103.00354202388762,109.15395754303051,Rasgulla
210,72.30489080660672,39,1,3.409524102852334,61.56661540300034,106.92337010253942,Kefir
305,86.42760864087873,126,1,2.9768149689772367,27.42523123815762,131.78577989627632,Milkmade
372,32.470120797326736,201,0,3.3676559212484873,37.89186547178697,74.14911179719373,Ghee
177,54.04824672788264,28,1,3.8680938010516077,20.12082419309494,80.01177791131413,Butter
67,29.908849763764202,182,0,4.979432202448123,137.41907155481195,66.25901455919873,Paneer
330,98.89012071969823,237,0,4.160504282679464,23.200337899361017,153.92861708539175,Cream
272,94.9653405717952,192,-1,2.998114886020785,47.22925003623644,135.63057737470547,Curd
103,13.54841302316553,122,1,2.612403603978878,74.11416148942796,36.5117620532051,Milk Powder
107,73.50176552641196,192,0,2.8158912032862764,66.35427237360648,111.76756830626493,Cheese
372,93.27234856740992,155,1,3.9063880031826184,138.52436399866085,145.95551520447552,Scoop Ice Cream
409,26.25178106146002,125,1,4.412900822041916,25.237562945490474,66.03408437350338,Lassi
223,61.11507074973665,122,-1,4.851048018251867,86.58791199801671,95.23349906709936,Kulfi
329,92.39394678292376,260,1,2.539557929992052,108.46233012816862,149.883320724621,Peda
163,13.055138072721896,260,-1,3.806900353904674,141.12073657855194,45.63780107730409,Ghee
337,72.76782405221559,127,0,3.677168390557942,100.64826277608373,113.73165767066965,Rasmalai
480,36.761410663529574,170,1,4.14013755493926,124.48818068152914,81.05205133472582,Milk Pudding
391,93.19565758388774,207,0,3.898947136163355,30.88424191989529,145.1152874013319,Cream
200,97.39524206488309,269,1,4.217597876456201,70.17213642180056,158.55372697234174,Rasgulla
499,94.98398402020905,157,0,4.145206461872975,68.61312748227877,138.0865823922407,Kefir
176,52.67927949917174,249,1,2.7925293121448655,135.2174681392433,97.13510909401195,Milkmade
204,87.58383858903821,56,1,4.499294784046799,39.67825226422574,130.125451325415,Ghee
435,86.00944586815633,207,1,2.808081439290812,39.74520240376194,140.585932551088,Butter
322,38.71904259189301,56,1,4.246326563022842,62.7125594851538,73.38513511714939,Paneer
153,84.60239267356096,87,1,3.5403634191015168,27.080586157688884,125.48018220901218,Cream
466,13.330687124394336,133,1,3.784626836441495,43.71954528482371,48.493418051664854,Curd
442,63.66428906338477,84,1,4.758245035939277,145.47725301094556,108.5406839472898,Milk Powder
348,30.700795355893273,146,1,4.724709316183716,75.66391218273247,68.36678350050376,Cheese
295,20.851019719955094,99,1,4.544640764137574,102.16249709491673,52.534749420166406,Scoop Ice Cream
225,16.925788146628825,70,0,3.7753709511408085,114.3944637148028,42.95184855534382,Lassi
88,72.66598982903258,147,-1,4.340599525334583,67.70498291093605,108.3032960440157,Kulfi
219,40.58874673912595,59,1,3.7822426387970234,39.139519673367204,75.09198690656018,Peda
296,75.22900943758853,268,-1,4.674015206186944,46.85553210883151,130.90730556621173,Ghee
75,15.882070671904813,116,1,3.5069395830822496,60.72464195547935,47.79741084127677,Rasmalai
404,38.37613040475493,122,1,4.925588361037192,102.68889464578933,81.19702446385918,Milk Pudding
355,58.55421631378035,263,0,4.830806895572194,71.77647138157707,113.55293590546385,Cream
458,81.16508483550672,127,0,4.354006548629464,20.885910727016654,125.15546402465169,Rasgulla
457,38.68772526388629,207,-1,3.19853971044018,88.04293405877134,69.79020017779642,Kefir
62,66.33022387933082,60,0,2.829133971983146,139.79674094796434,89.65461395022585,Milkmade
365,89.73799734125684,254,0,4.636758625232994,125.57008943112828,145.4263900104037,Ghee
440,65.42768693640741,44,-1,2.9132557153449032,127.27747826375204,88.32235132176267,Butter
362,30.96635272782704,78,0,4.635651972493339,123.35754228879705,54.891871173150484,Paneer
85,12.196070340088422,58,1,3.726912516780901,62.08500732935507,31.735201788231233,Cream
222,88.3088986510837,83,-1,3.5163919595202606,119.47519838807096,116.2167779858906,Curd
69,11.914246976534843,201,-1,4.757976947086073,38.61097651545509,45.828386477207985,Milk Powder
370,88.72315054157795,270,1,4.009627456350695,105.50309914587396,155.2246000355101,Cheese
313,57.60434206244908,79,0,3.9415350178242945,103.40391366904927,93.68046252455999,Scoop Ice Cream
449,94.51609286616066,99,-1,3.896914861560994,23.324073881665505,129.94984751547764,Lassi
191,81.89049121962988,269,-1,3.4279237900488284,122.43611736682111,134.14588384362582,Kulfi
420,99.81406994800037,135,1,4.464107758822818,137.42225366236698,154.0374717715839,Peda
192,41.564063390653914,240,1,3.1319961100394327,54.763986201373996,88.28326676874903,Ghee
141,79.04694600380142,138,0,4.847237400103188,125.61079414419962,123.92565273442213,Rasmalai
403,46.1737822248318,289,-1,4.734963012617402,30.712776342053267,89.88569917381906,Milk Pudding
371,53.18880582735179,109,0,3.3437008141872453,97.99582157393858,89.1342840415498,Cream
337,66.47549168965331,191,0,4.3236594245791595,83.13409249345602,110.3608660086392,Rasgulla
264,88.63094027677049,183,1,3.9330579861239787,90.97005933017,140.91779485506822,Kefir
496,98.56751222793656,197,-1,3.3441232549980864,140.40667624496484,144.7299867484971,Milkmade
391,79.14460724780663,66,-1,4.971304119988616,133.27098214209096,109.82646577259933,Ghee
100,47.59901039506004,40,-1,2.5630933646206606,122.06087544116842,61.35068417782334,Butter
202,47.922130204936316,93,1,3.1316150765532167,55.58079949818823,82.51189540828543,Paneer
235,76.38240714300024,161,1,3.800185152777876,138.53642172919191,119.40928485275242,Cream
112,31.48994311914721,45,1,3.8048825086964095,32.67600002030378,60.90983038933267,Curd
239,19.94267018182552,222,1,3.9723326873639104,130.93279815264242,63.188435979047455,Milk Powder
174,41.91599418766989,115,1,4.379190430057298,62.66080940596901,80.9943016205851,Cheese
199,35.85150924886736,229,-1,4.058694576298241,26.99040051605784,74.4166964200044,Scoop Ice Cream
363,36.66773084103911,172,0,4.000703651320093,107.01640795129728,73.47388952813284,Lassi
107,31.024697594491894,229,-1,2.633786157282608,50.06639068107421,63.856333359645454,Kulfi
391,13.78838706727257,279,0,3.441325719473246,51.66424636240215,56.60792364804557,Peda
354,11.608654126007243,129,1,3.08013934925289,59.786131609740295,43.601991470764105,Ghee
229,98.89501507624284,191,0,3.1634252790049384,28.279019775327175,149.53881784136743,Rasmalai
219,48.49958203622761,115,-1,3.8858436858508623,43.02652874577302,80.05319407834833,Milk Pudding
375,44.58939824437135,226,-1,2.998763287324021,20.66815158612284,76.99800208689172,Cream
320,71.16825544237628,214,0,3.234872752542244,77.90323774375229,115.51800448339625,Rasgulla
103,29.642849907855776,79,1,3.0927117712933505,30.953199064336268,62.22751586345154,Kefir
493,95.49650655552028,53,1,4.8712573580454865,108.74483865574587,138.4754856846241,Milkmade
150,80.77105129739968,237,-1,4.861664330427738,50.63097065491429,126.45895531722205,Ghee
313,18.046990208103356,193,0,4.0248538964901295,142.66463872457302,53.28540120281621,Butter
102,47.58226982064355,116,1,4.81130617182975,133.26271156182483,84.22755202580613,Paneer
109,89.12064768059483,93,1,4.464531613670933,57.62731634586707,131.66690444500526,Cream
157,95.02588200622692,259,-1,3.974869707004522,121.81800910536823,151.83885509419542,Curd
54,52.06613601248827,30,1,2.516088028741989,124.42183760642482,78.44125368517321,Milk Powder
152,65.2070250289637,205,0,4.43129071519851,148.25320483487334,109.88288607075626,Cheese
245,25.03305514828677,187,-1,4.256220853971172,97.71919828993904,61.4560782855967,Scoop Ice Cream
311,99.20517635232788,16,-1,4.038134133206035,30.655545503676084,132.42620320796297,Lassi
414,30.850453124509905,79,0,4.40106077920618,104.08883976042952,57.53111649787306,Kulfi
421,94.84585967216131,136,-1,3.7823054119369144,101.24736728888458,131.3659789302834,Peda
399,68.46819840931316,169,1,4.260208178303348,102.98557506465613,120.22645900700775,Ghee
96,64.69631153909732,257,1,4.8379302168162335,59.928934253547496,125.00557166708334,Rasmalai
404,56.141965991485776,212,0,3.4395125396152157,131.75834606044327,100.75831115866369,Milk Pudding
360,30.760283054598283,157,1,4.270304587251563,144.73138378420356,74.35439084049736,Cream
473,25.887522880495744,152,0,3.689219545027397,48.3026266871597,59.226857430390325,Rasgulla
357,29.84375881631578,208,0,4.185999129534954,31.45978055776378,67.00848739859929,Kefir
193,26.779443592982908,163,1,4.40723333888591,45.28955431190293,68.59566394699455,Milkmade
318,80.16260262100779,151,0,2.61363125108949,126.67177810324344,117.19415201131446,Ghee
419,41.51127332500571,174,1,4.116501109871654,107.96380252658017,87.15542111619176,Butter
173,15.205840890705673,30,-1,3.0668529610173616,102.68615450408646,26.64504649681455,Paneer
155,97.21923671267302,91,-1,4.175081344518917,72.23310756422518,129.06244360861186,Cream
207,89.54072964670831,78,0,3.6708254648345338,95.11763629648664,126.38970559490498,Curd
196,93.49770548756916,140,1,4.433881854662218,60.02363628566776,142.93190184102707,Milk Powder
194,99.54170403817918,96,1,2.808502038013991,82.03601032433497,140.76125728717992,Cheese
169,25.650572429753858,227,-1,4.065805879140488,123.09819368818526,61.70066757689866,Scoop Ice Cream
368,45.661781701239285,170,-1,3.196176822318881,147.5614076692101,74.60591675313803,Lassi
324,78.24146281336822,187,1,4.6324549883264785,141.22356006667422,134.25605782307002,Kulfi
141,72.6418556248413,126,0,4.8209587640907685,141.40257257001235,109.94101740219361,Peda
107,23.850631570586955,205,-1,4.9909957341976385,72.28908553012461,60.69762761125552,Ghee
488,83.42498124915559,95,0,4.490018506068209,80.94268446588282,126.17198105375876,Rasmalai
395,30.19965146529946,298,0,4.384335176070011,111.7326015279676,80.92090418577368,Milk Pudding
278,30.14358533403608,90,-1,3.0387518971688774,139.88495064666694,49.26085004254988,Cream
166,58.32769806040722,161,0,3.340017647475272,38.459253715771005,100.61636075227631,Rasgulla
367,63.364594135753286,70,0,3.6642063544056986,59.551442297535445,92.02951692410167,Kefir
328,62.20775870540301,70,1,4.4334526194556245,38.10208979723424,95.14134718010027,Milkmade
176,18.233815365797938,37,0,4.787414662694921,99.56110889472919,39.2627161416767,Ghee
442,88.97147763673424,52,1,2.9728477500574617,59.81912959537988,121.21443577325675,Butter
445,33.90400383298355,178,-1,4.8059187116752575,62.39402082663455,72.44192825987011,Paneer
178,21.656342915452377,95,-1,4.2390616308851445,29.219074733437303,40.30397684867879,Cream
107,89.98732718820794,186,1,4.026926826712597,65.47348803498696,146.55484334547612,Curd
171,96.0086348406778,26,-1,2.9996031782048487,132.1245459622061,124.55489217517156,Milk Powder
50,87.59148555389055,107,0,2.6388125820228763,50.299465545808545,120.90350940756662,Cheese
288,82.85644672523902,207,0,3.9211622462698497,110.37437060730853,133.10348811389804,Scoop Ice Cream
339,68.97177825751196,107,0,4.128789208322231,101.85168484201705,101.33329121884555,Lassi
145,59.57716335482254,74,-1,3.0269536233867207,132.252999087985,82.80920275298588,Kulfi
175,17.828808392026914,14,0,3.891140514563641,37.19743319463497,29.614462886848088,Peda
167,46.760789176362884,11,-1,4.641233506906434,147.08669484485563,70.34808633416318,Ghee
97,43.54196653110826,31,0,4.58766486363755,95.74172398524752,73.87421467023827,Rasmalai
138,33.37784053842935,121,1,4.818387951465743,149.41163980508585,68.8314001668983,Milk Pudding
286,75.10781023197265,66,-1,3.414714523892201,138.4969143625606,99.0545761960075,Cream
422,54.628816157089375,75,-1,3.295123931377297,48.79724537470375,80.47715294826043,Rasgulla
434,17.294159431688314,107,0,4.373565014952021,27.301061287430706,42.10748035117539,Kefir
321,29.81648817548302,153,-1,3.5777810127425127,53.233082193397,60.76389444042561,Milkmade
238,71.49328872936363,134,-1,2.7188716600694516,88.58327436992458,103.08785281667453,Ghee
241,16.851777354127016,176,1,3.2070028266762494,42.3075277184747,50.95091753508429,Butter
496,86.60862226438918,95,1,3.5464557138287227,41.769766787338504,132.39665132224738,Paneer
118,54.56318743125769,85,0,3.2312910636906302,80.1371611236699,83.60376511271507,Cream
327,53.25279195939832,68,1,3.3305139273683038,24.324836252016595,89.81122127046766,Curd
398,63.31670061935658,147,0,3.234439765435977,35.84545072919516,104.66350240682964,Milk Powder
296,84.22128693326343,108,0,2.6037479179576986,74.06197412303318,116.3309895950733,Cheese
125,41.30282871119738,201,0,4.092736752061106,28.20688819703564,76.96483877093947,Scoop Ice Cream
203,71.02145373031573,252,-1,3.993231050883673,71.57815733921882,122.24474703045391,Lassi
193,60.9158767596212,58,1,4.133458746196702,81.62081457329786,100.36080371141034,Kulfi
484,34.03254431524792,41,0,2.9807747400840685,78.66465982950487,49.43582975558812,Peda
135,89.07669877196422,286,1,3.2391363540312135,132.99273146240137,153.5397902278614,Ghee
234,81.76834194462353,29,0,4.0490398173623054,88.90811915672522,112.74717911122721,Rasmalai
334,69.26066511925829,163,1,3.9990689211498034,80.83746012214564,113.99962095680911,Milk Pudding
269,86.55235561848177,77,1,3.7658257733856697,73.3922019009166,131.64776929910443,Cream
118,88.05647808638221,223,0,3.3760331250254936,126.29103917958321,135.06254540263822,Rasgulla
96,73.75266790435313,152,-1,4.782327511936725,136.3573585199783,117.52318401523459,Kefir
143,85.33119955273048,241,1,3.3494256057471095,130.9215209956253,138.6019311575113,Milkmade
287,72.77243155023552,222,-1,3.6390478910931288,107.56105515708082,116.58089341084944,Ghee
495,71.21266945842703,88,-1,4.195284577385522,37.85702697592765,99.07192042755874,Butter
253,65.67502403936659,223,0,3.85755357716691,55.99309603396159,113.13937622842698,Paneer
449,77.74449756018771,125,0,3.367214940910964,25.988198278657066,117.73479319410956,Cream
267,24.274459476376634,101,0,3.5891119761412744,141.00712974871482,46.89896660827715,Curd
481,89.27836832790356,279,1,4.486202044633766,105.90380885981834,153.70150595439236,Milk Powder
390,88.46591749707088,177,0,3.195322888716531,117.0271749607214,133.13566710653583,Cheese
88,12.632255473110323,67,0,2.8556380994420385,60.50432614568976,26.135995080091913,Scoop Ice Cream
149,84.32350755082864,293,1,3.282908004574443,129.93495789605453,148.52001125147075,Lassi
338,21.598288072610067,35,1,4.623835538719753,53.74842688210221,46.64627630971975,Kulfi
303,40.16069688332277,75,0,2.7224742871408667,20.21368842461846,64.60608109692872,Peda
271,76.9157430662447,257,0,4.97924018343113,68.93394512769021,133.08445457911836,Ghee
406,24.46839064434774,263,0,3.8525072473191564,94.19899252467954,67.35219556087918,Rasmalai
72,83.6170321707156,53,0,4.962114359917734,82.23163153551792,116.5990056266968,Milk Pudding
299,84.89207601619677,106,-1,4.8474910552149435,132.06989853495762,121.24778447757429,Cream
59,55.67209603847526,51,-1,3.632034285527292,33.7026871743017,77.32628569481788,Rasgulla
295,10.574728454515022,236,0,2.9962276865133726,91.99704728238433,47.614785608602624,Kefir
374,35.83343198574215,271,-1,2.912211941412846,86.68731547671797,77.23694252633611,Milkmade
149,65.5234226538168,176,1,3.099973409674894,56.581087682381195,110.97785019460501,Ghee
339,98.30675602246811,288,-1,4.275331601411343,126.88965463501137,150.46193157184564,Butter
229,66.86321743150015,98,-1,3.1823749868287194,117.87032526468681,91.95148058425178,Paneer
272,33.38232229577439,187,0,3.3535631740107457,115.27169435313803,65.4688165454888,Cream
443,67.06051327896502,206,-1,3.621947009986537,133.9050221750423,103.1846075966089,Curd
299,58.59868417442699,276,-1,4.783081701053641,113.96199808079776,105.9266590986514,Milk Powder
196,80.18608556360293,277,-1,2.9734835447121153,50.13936792291444,125.13768833200368,Cheese
491,19.628257494426258,83,-1,2.5125663815245076,111.72315251445984,31.574639256000154,Scoop Ice Cream
145,78.49251122518253,17,1,2.650241025945425,60.0013657406797,104.38866829381799,Lassi
306,58.71399208084993,173,0,4.761915854200295,51.482704545171174,97.21923850757514,Kulfi
374,96.66928034730952,94,0,4.118791162108408,29.490467076951553,133.7871923295945,Peda
53,40.76849494348175,81,1,3.182601548319517,116.72371544519797,68.29197337137298,Ghee
65,66.93597038205533,64,-1,2.9429812525279777,112.43012505347546,89.86194550453236,Rasmalai
329,93.88252949590157,56,1,3.235666841592786,50.48493209763218,133.07123853284867,Milk Pudding
385,19.225875519161132,247,-1,2.7869923181282004,117.41927217414027,47.53794675911161,Cream
296,94.3505638512806,113,1,4.8538322757111025,139.3193148021619,143.3300068639119,Rasgulla
307,71.9097150070732,219,0,4.460515435913167,34.043764473905306,119.99069273948662,Kefir
433,16.10533531946547,51,0,3.6559779422813516,50.242762990280745,32.22857264518218,Milkmade
209,37.086721025213464,277,0,4.662406512788005,117.53390323135102,81.25969225010381,Ghee
389,73.73548797807534,272,-1,3.1236455107330805,55.68586755592017,119.72370077110706,Butter
201,16.061554132189453,268,-1,4.292801421180483,101.20631665688319,55.80878671482078,Paneer
445,62.39534141586459,292,1,4.640331247534359,30.551349180282887,120.25817678307865,Cream
227,41.129475125766106,123,1,3.3919217790581815,78.78632228346004,73.14920378706066,Curd
212,65.88239659907293,49,0,4.393661113626794,116.0818848590839,101.01028670423753,Milk Powder
429,14.116783043126157,229,-1,3.237680873160773,109.24681259562283,42.30342999611169,Cheese
82,88.43831255371387,138,1,3.247142838147577,125.95937308785489,131.90352977682602,Scoop Ice Cream
466,97.61400722596572,17,-1,2.767642946385465,134.06877645841195,125.71070690641442,Lassi
494,97.19900697571224,110,-1,3.600145116273497,120.51385516363857,136.6103147113428,Kulfi
228,77.46866485686323,185,0,4.3242797662435555,107.30640658206038,123.91870183221286,Peda
476,21.70776161175688,116,0,4.850552013928212,24.12392393608405,52.09335859017064,Ghee
150,78.24368763361203,110,-1,4.0094924798227405,89.54566754322772,109.09838964814287,Rasmalai
317,12.212822481292136,269,-1,4.657838844339348,24.900704238930864,46.31192021536418,Milk Pudding
372,11.991119637609753,255,-1,4.556236623225567,125.04881622508294,49.292371688365016,Cream
114,39.12491972345872,284,-1,2.9333576324382022,61.69418817979449,75.1334257813672,Rasgulla
466,53.977887136419916,41,0,3.7145435722815785,93.11581863532972,79.50984075011513,Kefir
217,79.33666760270138,146,1,2.7923088388134785,56.32788995145734,127.58589962481219,Milkmade
379,71.49658389458547,21,0,4.205382903904088,121.72501876943817,105.04039327692067,Ghee
92,50.13124357390735,25,1,4.87474917061519,135.24532846344732,79.67506266600797,Butter
93,34.62639996534993,138,-1,2.8427236451968914,71.82352424769832,60.12098509446714,Paneer
334,99.74120501419401,72,1,4.334707827006353,132.17991115642857,144.63433213913046,Cream
446,48.356317201237566,118,0,4.080595377169653,54.71975096932321,85.82621804885508,Curd
61,50.62483218967079,30,0,3.9590125925202493,89.50591999981809,73.34114504792622,Milk Powder
144,24.726143907250226,167,-1,3.475300586720848,131.6389858790315,46.83429851718698,Cheese
351,81.53285938749364,278,0,3.3878291193845316,62.36457454005275,132.42853068246012,Scoop Ice Cream
435,72.43140032033398,171,-1,2.61312297254722,144.02549446015115,105.35227731373641,Lassi
302,29.869265150988436,269,0,3.0447717706300335,35.84433523157987,70.03464479078112,Kulfi
291,17.414294105425842,111,0,2.537942205717067,22.37575906405581,42.52460873489107,Peda
84,71.24493718672417,232,-1,3.9535427639550513,137.53759583516478,117.36015957732255,Ghee
264,68.90600928530216,68,1,2.764633089694772,28.92432659922339,100.77667360759588,Rasmalai
386,34.59335742983884,256,0,4.682548485074291,148.9455954731739,80.73711254269162,Milk Pudding
139,95.57772060253693,137,1,3.807857551742913,143.6815920572838,140.77242841785636,Cream
313,23.59521026028102,292,0,4.249224772646771,37.812718304721685,74.24339107847855,Rasgulla
142,48.91013209383417,34,0,3.527142729601241,89.88600134003356,77.02783494589008,Kefir
459,94.9254328150839,140,0,3.9014495225026216,44.03963867072876,144.4129032994179,Milkmade
139,47.775458523351006,205,0,4.856647942416576,75.66017249391558,96.0860223631293,Ghee
467,67.4673352897677,290,1,2.7068350990591767,27.98526680377825,119.82091652186102,Butter
164,45.78349581665149,163,1,3.1348444298092404,49.110196413556636,81.10669310142579,Paneer
154,34.67936821138031,142,0,4.449970817276361,67.22546353185695,69.96112157961218,Cream
440,98.55798831638454,236,0,2.7468430172066647,77.02417503198713,154.23616530011256,Curd
245,46.84006056835387,198,1,2.689152759760277,147.07451356715612,85.8490445779029,Milk Powder
363,90.4689283311221,274,-1,3.4038534968850964,125.02253393891756,136.24470363424325,Cheese
163,30.695914530197758,143,-1,2.730419896181081,115.86329276055301,57.381317585102984,Scoop Ice Cream
124,29.1794233622575,220,1,3.9626961055155077,89.81537091645666,69.67135319412284,Lassi
462,12.802067459606022,69,0,3.0656881270414997,129.19970887856465,30.596605651752025,Kulfi
425,68.65001428382965,222,0,4.739244907998431,64.11196863524245,120.58662523647871,Peda
469,43.1673709351385,225,-1,4.4587502021131415,112.15688466053109,80.04507158306744,Ghee
266,87.79224248556733,235,-1,4.24926301524869,149.19191679916239,132.43810566289412,Rasmalai
326,52.588891602240146,140,1,4.042360068461255,60.90175816157584,96.93396241263022,Milk Pudding
298,97.13740851232495,85,-1,4.658664325853659,107.62227953491575,135.34263404122134,Cream
213,26.697296413280903,295,1,3.057655153856892,129.7609323398097,80.59462600237579,Rasgulla
443,88.17608511600497,286,-1,4.682772106910569,139.0549858355874,141.90269879313726,Kefir
406,79.89371675125676,165,-1,4.473730746060131,113.33124982221324,116.4112762025905,Milkmade
457,79.38296601796468,257,-1,4.370402065969214,56.86903004422771,131.41426577281823,Ghee
241,86.03049053051988,227,0,3.9031391951873102,62.41667970396304,137.86334041071825,Butter
276,78.4921591848699,199,0,3.1156104024265003,22.698544176115348,120.56946154301475,Paneer
226,66.35982894682738,172,0,3.558869789979741,118.91517709729625,110.32569399617967,Cream
148,21.81203899141488,189,-1,4.483926636347004,25.55614878805368,50.56378155723831,Curd
85,12.927356154212672,43,1,2.579446210893311,132.40480609835694,30.15778256606451,Milk Powder
145,92.87630630341182,50,1,4.455126923159396,35.425879881690044,130.74223387723958,Cheese
201,65.49852830686643,84,1,3.100176851218916,42.34394657767015,100.293087312205,Scoop Ice Cream
200,81.68835618785587,288,1,2.8607730018040076,81.94844120819084,139.59763867021326,Lassi
239,53.3370116361295,185,0,2.7892532954507554,115.9244539719365,91.01779175319065,Kulfi
273,20.557737006615504,159,0,2.568125029877038,38.0702866758801,50.36330216880749,Peda
86,21.26672129822954,282,-1,3.8089662130536324,77.2092397586448,64.2079734838406,Ghee
317,71.70087585060742,117,-1,3.0456496817343237,82.77066567331363,98.25534105480996,Rasmalai
418,48.72753054095164,148,1,4.973579414449079,47.597133416916876,88.73725587597578,Milk Pudding
232,28.047225403030303,280,0,3.9360918896805144,35.022588968482125,68.65025848862123,Cream
62,54.24350920672932,298,1,2.844713173390026,128.73471998813312,104.86256434893342,Rasgulla
328,15.778804336762068,221,-1,4.221906352028413,85.32053446915953,50.27977911801598,Kefir
266,62.37742617229589,281,-1,4.744358916274313,21.869560677939887,114.46075893554298,Milkmade
404,34.209406399158794,75,1,4.362948738424036,124.3875691701835,69.50519102954388,Ghee
410,81.78031905734693,257,-1,2.691099652598619,147.50319470389604,124.3467639456556,Butter
335,37.932576303121635,165,1,4.739710452981649,98.77040540385215,79.29717105530611,Paneer
322,50.969813417362104,56,0,4.484823464649912,85.48209032092919,80.04959295043925,Cream
418,11.045848591729058,210,1,2.8957597502640358,134.19406219584502,43.57412852946924,Curd
111,16.5202199015103,157,0,2.629464721832042,143.82718265899783,44.524073279420946,Milk Powder
133,45.32442007660163,133,0,3.8932764382857714,118.08979906731987,84.20648374353685,Cheese
417,53.19449512454111,10,-1,2.890089528349942,77.90888086545742,67.11172584827918,Scoop Ice Cream
266,64.00184933073734,256,-1,4.58647738148818,96.98878191308727,113.69012609226318,Lassi
391,36.24963208383729,137,-1,3.3958366416791845,111.1215974523399,62.38740758133839,Kulfi
446,72.54836975138883,200,1,4.782231111841439,45.255564230234185,122.68285548079474,Peda
236,87.41101574702842,76,1,3.9142204303525143,78.13613418813694,130.0582546755175,Ghee
68,80.18658900040148,13,-1,2.9566809605991704,127.87676441324705,99.39269236671993,Rasmalai
226,13.565694281352144,152,1,2.8489971683995003,105.1142953047976,40.36985672735566,Milk Pudding
149,53.24562525320461,200,-1,3.941181093894385,73.45652873754103,92.06759088670613,Cream
445,19.44371605763574,30,1,4.40470902965611,106.23712942190858,48.13590985137849,Rasgulla
494,31.78405142762747,236,0,4.453764119355455,35.36891356941978,73.54985174021807,Kefir
282,98.79963339404318,126,0,3.1893935111032032,72.19468937343393,139.6306960782891,Milkmade
452,22.824598861136188,151,-1,3.0106168972804186,123.10670993519733,50.431586154876804,Ghee
125,54.899933810622045,48,1,2.541890761230956,48.66614232776424,86.44168099011287,Butter
314,65.63401608863072,261,1,4.197997878002924,44.174995982464296,124.6043411758834,Paneer
333,73.22184734896936,216,0,2.6914206460838477,143.6064257891361,115.02844939454624,Cream
255,60.36838151382227,219,0,3.5519030044148145,47.28669184620999,109.09993337949763,Curd
272,10.87937626772653,124,-1,4.00420541004574,53.919415354521846,29.012025326801183,Milk Powder
433,39.38151774195927,234,0,4.8427723622991925,146.05007205756394,86.45384357142092,Cheese
101,56.59404790462403,143,-1,3.2795053423894216,115.51211413445334,82.33938531818228,Scoop Ice Cream
388,17.907984923035002,260,0,3.1244304061162995,110.94754929305867,58.30007118924036,Lassi
416,41.55642380882627,228,0,4.135400385715246,130.88042990109557,82.84535324647086,Kulfi
193,12.98827979122299,100,1,4.048097580133954,35.057000690783255,42.22699826170665,Peda
422,17.072064743951866,55,0,3.3302744582703117,111.77431075540093,34.4299465881237,Ghee
118,45.72309485814365,47,0,4.820254588774466,85.47951921267105,70.75604515855788,Rasmalai
148,21.94441786387543,151,-1,4.612155818724082,127.78958323693818,51.4895767937615,Milk Pudding
445,61.07867634354023,109,0,3.059956364662703,86.05842342647526,97.19403625764245,Cream
74,72.05184722235391,199,-1,3.097856363586308,100.63137605495858,115.24662818040765,Rasgulla
485,82.05280291981745,44,0,3.7807508672177015,82.10647643193968,111.1290797369732,Kefir
428,28.01352198203291,156,0,4.433930254326801,82.16066006225974,64.69174488204963,Milkmade
102,25.07343240331628,39,-1,2.610100948471161,119.8360971480381,38.46181539544984,Ghee
200,19.411105630096024,93,1,4.233337884336766,101.71363208414681,48.72711830487126,Butter
193,67.2787224589273,290,-1,4.120589743455243,102.32421620922335,112.28722817461573,Paneer
106,73.5828153838211,279,-1,3.0787002397824708,78.53672289809836,122.3333916530614,Cream
88,12.842753034307783,163,-1,4.2033825331033725,89.04423452387859,43.77639984607446,Curd
158,94.25910216193208,111,1,4.850457978130207,116.94329660662235,145.08349774786564,Milk Powder
230,14.677415528632517,224,0,2.6169646124294212,127.37231948454937,47.21671971352362,Cheese
91,58.71667017709634,159,-1,3.299130138230156,110.552982278726,91.50893356832235,Scoop Ice Cream
235,73.81544675058248,92,-1,3.595441791665888,140.1294885499388,100.5611495522958,Lassi
472,88.3872211371477,119,1,4.748150897311724,126.64213145913612,139.7145596940498,Kulfi
447,74.2678238919185,284,-1,4.905653616522892,93.0422926752374,129.70254781996937,Peda
272,82.15552747628126,210,0,3.610288116240831,107.28278944368579,126.87267032413425,Ghee
171,40.55051732885255,293,1,4.375071030355478,140.42007599975548,99.86561771068607,Rasmalai
182,83.3342602371861,182,0,3.8291525594112077,100.4918457515976,127.38046735758999,Milk Pudding
212,17.210336174620764,215,0,3.8444573368534414,127.22490323737799,58.508336029471394,Cream
264,90.53349904544748,72,1,3.195248787665891,109.54536546669831,129.2549753579071,Rasgulla
270,59.28331385383626,82,-1,3.042390614659699,91.75172693786065,80.24598905592761,Kefir
284,83.55679929662443,260,0,3.220013364810103,51.43896540399591,134.44540036383617,Milkmade
380,50.70864560664701,133,0,3.890820018142698,75.37967753089566,85.22463806937644,Ghee
195,67.92199256768725,130,0,2.5728879650552225,145.80656722838302,97.91813270677332,Butter
288,57.37623948425019,284,0,4.768122360891015,105.509499825438,112.33803827600617,Paneer
125,75.84305695797987,129,1,2.8907092738744407,93.37139944406864,118.56012056988817,Cream
58,17.34669838275306,173,1,3.050221692178466,141.28436131866954,54.6560076893338,Curd
123,15.431687559150742,295,0,3.795690441119116,96.24653153486834,54.69679531724567,Milk Powder
491,32.23929106091318,274,-1,4.275286915843198,88.39072739426238,74.3253921649637,Cheese
450,24.359021210186953,170,0,2.7393226368609933,118.71041116952668,49.97786769551396,Scoop Ice Cream
302,88.46052099329815,98,-1,3.2942367438679057,112.64653046825077,122.84677762322801,Lassi
279,29.72925886222399,151,0,4.921686513935892,45.110801093096256,61.09745003348631,Kulfi
56,97.82787302372182,212,-1,3.1558574169523643,81.27007569463575,147.1782983627396,Peda
223,40.320621259399616,236,0,3.282625362657867,81.42700756654608,83.85344726809811,Ghee
190,26.390612411982936,231,-1,4.591246226545084,69.16918698163482,63.61637122486634,Rasmalai
217,81.07286564282312,50,0,2.625536079226138,87.24815267979291,109.5790862418779,Milk Pudding
219,69.28369979507886,205,0,3.661532922022427,73.70396170452875,110.93176482429453,Cream
442,54.837614480782506,77,-1,3.449041911129176,45.91491363125381,76.76225700597317,Rasgulla
483,59.982719584386814,273,1,3.2914668997716277,73.60764334570854,117.843255250788,Kefir
332,74.72816004450374,11,-1,3.2142489851119116,29.396003184512956,99.46106712436516,Milkmade
171,30.560926719816884,134,1,2.728435262151023,94.8521621606735,58.26589493393864,Ghee
243,99.67005244510678,119,0,3.287064573379122,130.97509136234456,142.30662056904097,Butter
54,97.73138459321048,95,-1,2.6076310067891715,114.28732096609218,131.79356062247123,Paneer
78,68.52931177122431,129,-1,4.452409659111089,66.85122520703446,104.67987292737851,Cream
214,27.958820583623062,136,-1,3.495569484895029,31.319256725050064,48.454090803696296,Curd
471,71.22054181881622,264,1,3.609759580799779,46.2794218992852,124.87117791296782,Milk Powder
388,16.497856808125825,192,1,4.733986466125328,90.91374426432864,55.70279024194083,Cheese
185,12.758725198522546,25,0,4.145137459653052,46.917420839794275,33.563128930237106,Scoop Ice Cream
414,33.19145996600923,71,1,2.5201477583552996,90.71650446704578,59.12218959736619,Lassi
370,51.636066106538465,167,1,4.857937057403213,50.10787321930686,98.10537261946816,Kulfi
391,88.14452548675425,277,0,3.092861164944278,130.36010303188948,147.10094454448304,Peda
194,75.44521627896772,44,-1,2.769035461899647,71.64529146925976,99.61222480900737,Ghee
376,76.84358690799829,276,-1,4.420320445952205,51.921581372783834,132.05994264298118,Rasmalai
266,48.29440010032678,73,0,3.751193289666795,125.60240343211801,76.07194854280786,Milk Pudding
350,41.13414932922666,59,-1,3.584426415045044,64.5690654247086,57.50862102539006,Cream
181,43.393488668614246,264,1,3.1237576992068545,34.49339941904165,97.14281544069851,Rasgulla
341,98.88846073624521,158,0,3.8686787246557968,94.15323388247342,145.65924021413704,Kefir
119,13.609827227123423,285,0,3.1859615130064687,95.60334657693853,51.20599143035573,Milkmade
301,88.03283465102037,181,0,4.753957513217669,112.91043778064544,136.02523152391666,Ghee
464,62.080786771515406,210,-1,3.038011199332982,51.22852631709013,95.11900362070685,Butter
324,49.47538772706314,44,0,4.710887876139384,77.69027408199186,77.58613481545777,Paneer
494,75.27318943736229,225,0,3.8985135643183924,56.70782947554531,128.0546497368923,Cream
413,53.80020472822326,74,0,4.571220334738102,30.523985695039457,90.00971123814911,Curd
231,88.60809142734945,17,-1,4.282114989652388,133.9597975120659,120.20207675681294,Milk Powder
216,91.06316776101326,85,1,4.2417377785918715,114.75307458348435,131.75331490527898,Cheese
140,47.95488341861099,183,0,3.310864519237639,59.19019772964409,84.59899248515669,Scoop Ice Cream
251,34.914501751154646,56,1,3.084742328680509,97.91848907335822,57.033916683934166,Lassi
395,63.3115295734026,24,-1,3.0272155692019704,46.164292457481416,86.00713564540376,Kulfi
68,92.11270110550218,156,-1,4.642979142648972,135.73076083345023,133.6517363747623,Peda
88,28.95959701050999,35,-1,4.55106705064755,34.93782463704834,48.21588784347699,Ghee
175,66.06699252071346,102,-1,3.6014338200307683,20.498828916014116,97.43367686572134,Rasmalai
222,66.84041980832686,241,1,2.8310115337411363,85.26106570609367,117.0999850686472,Milk Pudding
190,75.98017201737528,30,0,3.455630629943646,95.80661704887301,102.60752167618371,Cream
291,21.841091661453383,47,-1,4.048358635342279,95.26549163845458,42.67651500093034,Rasgulla
269,74.42424682138797,285,-1,3.636007886199882,27.086550566917417,128.36200209450374,Kefir
175,91.81292685990769,166,1,4.450473171207488,60.825694899396225,143.0212954258119,Milkmade
107,26.171479798321776,188,1,4.994057055628463,84.89586308937314,69.9841978923161,Ghee
197,31.378899243148986,141,-1,2.9778302211222423,48.15529413154131,60.416611341745735,Butter
366,97.42555846374756,37,0,3.649127049148931,133.4413651131665,126.6067353804989,Paneer
432,26.28792574385408,269,0,3.577459754802055,31.324207629986425,68.30467264082255,Cream
410,86.89465840326213,85,-1,3.261231331872377,83.35997741736557,113.56185957634136,Curd
472,54.30500708032313,76,1,2.995238791800724,109.88408747670977,86.84330452741594,Milk Powder
50,32.25079669628593,203,-1,2.6642302912241482,54.02764301748272,57.24034645462043,Cheese
436,88.36749111452603,171,-1,4.717798293059246,101.15129580967736,131.36336853051526,Scoop Ice Cream
397,50.077472950239894,266,1,3.549621744215794,127.82006951850869,99.5488235207886,Lassi
239,56.333561853672116,81,-1,3.7422387962501222,44.74380676235618,82.26007423774429,Kulfi
240,42.33100324597891,96,-1,4.79235512050229,139.23867693723219,74.73420574768856,Peda
418,63.36557662914347,271,-1,4.440726193789869,91.96260924610654,114.46623158760924,Ghee
458,24.717148532652047,223,1,2.8262531602929606,58.90016055913787,68.89575863630554,Rasmalai
361,45.197338298658465,162,0,3.913549919019356,76.0115757996952,83.53010558903902,Milk Pudding
466,97.24710901017588,219,0,3.605630691298898,60.58494489223043,144.82902136883033,Cream
471,33.23200894310148,70,1,4.4930276814469075,114.26445079133109,62.42547053650394,Rasgulla
166,69.1062998087163,277,0,4.310581369029873,123.51908624396718,127.80994944201973,Kefir
183,39.267105780222536,271,-1,4.22601430477768,128.28186100142594,80.55970102988759,Milkmade
107,79.61258131179406,227,0,3.351362088699742,148.14987244614636,124.32555110506004,Ghee
93,21.778629464651484,292,-1,4.512409325998137,122.86695802456886,65.89563699423822,Butter
222,97.28389405706902,145,0,2.630978238987153,98.17992918951323,137.1281848247868,Paneer
209,50.841058724527535,102,1,2.8990622535804182,64.09863879093189,82.595026359216,Cream
222,31.244541701181756,118,0,3.3390581824447794,90.79740833239742,64.29039914433505,Curd
366,16.614707259701138,250,0,2.6920186026732034,25.338862462752704,56.595093769927516,Milk Powder
352,25.27821145787867,151,0,3.087485693836729,116.82725981888869,53.77568901464299,Cheese
198,56.77965537004159,246,1,4.575377457494795,77.97422086197324,116.2643308946993,Scoop Ice Cream
129,40.33028587881577,186,0,4.870628844475198,22.60301986518439,83.10936182219666,Lassi
423,84.59950292943485,150,1,3.261505889435476,28.125902396353403,133.72414570242583,Kulfi
262,48.779877129562536,198,-1,3.1612895099720957,70.37064029682836,78.13485151621344,Peda
252,32.384284532886696,58,0,3.1997316306160672,95.84479747239656,50.4763889247928,Ghee
301,65.5430487943627,199,1,3.1942977183771095,80.34651336377647,114.46540297332896,Rasmalai
278,73.60994951969013,145,1,2.5898254554649327,100.49656124798013,119.5916556165178,Milk Pudding
213,25.033771711085485,52,0,4.81729086582777,82.43825364287625,50.92983591166185,Cream
276,25.08572946594859,99,-1,3.034245353925821,106.02149991257508,40.44586036410569,Rasgulla
196,13.300428424018868,254,1,3.5500101852035124,48.48638840720412,53.16814512689643,Kefir
69,76.27618135590765,201,0,2.5242172068524193,34.66961433387078,122.64592820588724,Milkmade
490,69.74240748596246,115,-1,4.644887727287642,97.5364141013358,100.51857555209702,Ghee
451,52.71677881748325,242,1,4.327893361137293,83.00963720171997,105.64613426943205,Butter
96,85.97534040722775,274,1,4.866890087934258,23.492795025841588,145.54221195209908,Paneer
282,82.51031376550479,46,-1,4.454038697990997,69.46264511409467,107.7811902864905,Cream
354,62.6818927957077,50,-1,3.284266280130163,33.796326113829416,86.79455287166837,Curd
63,88.14441524619328,26,0,3.119683396821059,89.07638812785038,119.62416259017027,Milk Powder
192,28.52570890330914,286,0,4.244290768883232,71.451098355856,73.9784170567051,Cheese
464,20.072765745795508,68,1,3.4102819375262485,99.70974844339233,43.2742623599638,Scoop Ice Cream
50,34.277465036529065,192,-1,3.9155375393815417,124.72828844013098,70.21667336955258,Lassi
422,15.137817048038336,50,-1,2.5156436775661755,58.95692889939381,22.883343785043433,Kulfi
103,57.80525752009288,48,-1,2.6547142542011883,145.07327354145357,77.5507224833788,Peda
423,94.29451230654654,201,1,3.838419852954128,89.63248507638468,154.45076273534727,Ghee
308,13.540918660165868,276,-1,3.915179116120413,100.37780383812243,47.07316411918412,Rasmalai
193,20.989892260902412,156,-1,4.378632361148359,108.48740851934582,53.33253047147505,Milk Pudding
490,50.697912545509176,136,1,2.8299132990599043,106.67509888148668,84.75616548247743,Cream
61,94.04875157751144,55,0,3.782957709391947,86.42619659585807,130.38180710142186,Rasgulla
379,38.45404944790755,54,0,2.9861191110792213,75.73935784490885,59.27329379031417,Kefir
273,55.65113278195532,10,1,2.7329902989067367,26.99165534305913,85.62961625008485,Milkmade
321,13.741557314535289,177,-1,3.5262394851513865,22.87115988915337,37.50400752291587,Ghee
407,23.350888086587997,117,1,2.908341620222643,66.53495528925941,52.44267058543106,Butter
457,98.79671106629623,28,0,3.0544549454807965,63.37591578238004,135.34801929455207,Paneer
205,96.86068267924409,81,0,3.2938864496737543,70.40037012907088,134.5791824759989,Cream
422,10.444598284096866,118,1,3.148471001857991,37.9878661154647,38.80523210270274,Curd
57,95.6630606880915,277,1,2.718978243514866,115.96187516978968,153.2303924382943,Milk Powder
171,67.52079440339503,249,0,2.7247906121492558,131.40537392091107,116.11296072362622,Cheese
397,88.112646506802,99,1,2.9831235380854206,142.03290259862456,124.72827594019644,Scoop Ice Cream
213,50.92658700704732,112,0,2.6263979698988473,84.00709945755136,75.68622461517626,Lassi
139,56.40364257213252,259,1,4.0661425491923175,111.11254088630572,111.776384605494,Kulfi
185,53.99619222312282,17,1,3.218316791272255,131.2216460466634,79.56712677974869,Peda
235,70.01778317914939,162,1,3.1993649194226776,74.37784444215316,119.35259829525691,Ghee
365,22.568612928068163,183,0,3.329995735594413,60.223663333157766,59.40422962769289,Rasmalai
227,12.697623088541015,167,1,4.156990685524304,141.77419226095373,51.545182349589204,Milk Pudding
77,37.713694743207185,224,0,4.676584703708727,87.0379516400195,84.86764361425281,Cream
269,73.4212686462982,186,0,4.397717331389096,84.64300525681413,121.57199286640207,Rasgulla
406,28.166810691065354,184,1,4.3188230755627375,43.19409255325445,66.41246308306825,Kefir
90,70.60891899924256,155,1,3.710977964002123,34.060151894536375,119.01907038798947,Milkmade
277,97.29208414965434,170,0,4.23451389241853,129.4738921228565,143.55596234402927,Ghee
241,18.451064421047654,136,0,3.881905920083958,99.83731290437734,45.621423616511024,Butter
460,70.53419064026136,91,-1,3.0406263204663224,62.357195922528334,101.05524985073679,Paneer
496,49.93751973741141,156,0,3.021470919352627,44.92570826073464,84.95469252688605,Cream
194,88.13280289397548,248,-1,3.2409800171882086,92.21464642205208,138.88171066616928,Curd
250,25.94348105026473,93,-1,4.7770066774245326,95.90950760394759,46.893550491023916,Milk Powder
466,72.33633570035481,122,-1,3.8685371009493146,46.909168161857565,106.68699852934259,Cheese
261,85.43037606832992,234,1,4.3347634425046735,130.6827472258916,139.75865133499252,Scoop Ice Cream
269,95.0152797526621,252,1,3.366396899541369,30.954367600260642,155.7481363372189,Lassi
289,71.49232254606812,152,0,3.519289426663063,66.29210107163482,114.17399571302629,Kulfi
462,54.74572876075846,50,-1,2.8139139465931287,108.44997378912788,74.98592529247675,Peda
446,65.60625161810924,267,1,2.9282373945541758,55.63564729649609,116.87452914038172,Ghee
95,88.20144860308464,294,1,4.568391387065364,127.59777532156534,149.2603391734863,Rasmalai
84,61.35487719749467,114,1,3.962096579222205,116.18281745805245,98.10663121430308,Milk Pudding
302,12.734835372715317,211,1,3.343831164709547,122.57296979125745,52.63632573212728,Cream
439,93.78538259562801,275,1,4.507128022488865,35.48384966397312,162.90804535064535,Rasgulla
131,72.0574075928405,219,-1,3.1162997640949577,38.27112663942058,109.78313244341354,Kefir
420,70.88620471995219,60,-1,4.94008174650051,57.24158590679587,103.23395239449515,Milkmade
305,29.410763715794545,127,-1,3.3620440193654244,87.35003147568294,56.74355914954015,Ghee
246,69.29969232093916,210,-1,3.343277385378069,117.24208997092231,109.3982847257363,Butter
352,45.44779650887426,48,0,3.279779763841763,128.74901579891747,70.86935306061099,Paneer
458,68.61096793373429,37,-1,2.80527878981072,111.56359107443346,92.59915105667478,Cream
499,19.593372727719164,268,1,2.777842868330031,140.717594598983,61.25232745565903,Curd
59,69.20607741427324,93,-1,4.120262586335309,116.03665625007093,97.67703739881425,Milk Powder
361,99.94723531935999,164,0,4.6877951113951175,59.814825310599915,145.40634288370188,Cheese
335,14.339083497450043,126,1,4.476301275679184,54.46056696401443,52.866745332955624,Scoop Ice Cream
291,97.94567657991855,11,-1,2.8527689850533777,110.50501853914169,126.36856779702585,Lassi
300,46.621716465058356,102,-1,3.863955304480166,45.073173929649855,75.38360830910483,Kulfi
414,88.36781053035332,175,-1,2.7639788649416,32.05292540533509,122.62406944101527,Peda
54,80.4146935652446,267,1,2.6132366090326937,89.18897373130521,135.5123710023867,Ghee
168,61.0314634888001,90,1,4.140964648461918,126.81340407126419,95.6795676716614,Rasmalai
338,76.46042883261939,277,0,3.8378808342008757,33.17937952108226,126.12535977437388,Milk Pudding
423,89.06640051712131,244,1,2.7050592130286772,122.9458720934448,145.55668791175756,Cream
114,46.37262894859297,222,1,2.587348116014971,125.50436056570125,95.21749325715835,Rasgulla
195,39.43298454069148,71,-1,4.974391033523337,82.69562001060066,68.37143478372128,Kefir
273,70.08340470072262,58,1,2.57505333037268,27.450340301363283,104.59279378133922,Milkmade
288,82.70613477471328,136,-1,3.6113206326253993,42.69668066213423,114.64772946918085,Ghee
226,78.60566212989542,232,-1,3.761547561519239,111.96541577105121,121.55307761715521,Butter
316,81.80322839727711,288,1,2.7932003695011125,112.53113284882343,138.54404245408875,Paneer
390,49.20249833316397,293,0,2.9226544460992905,136.7861857717965,99.74246191555025,Cream
331,83.60507945575195,286,0,3.379512516025881,95.74919905209578,142.0871246873311,Curd
112,20.81881498335476,116,1,4.404189690534157,36.13395780279106,53.64620828152738,Milk Powder
266,59.00401881647646,155,0,3.7677060601506667,35.783937715646374,96.78678072639985,Cheese
391,10.518279444830942,108,-1,4.094754686382403,113.74720645638708,26.151289785706055,Scoop Ice Cream
364,39.21272469102433,82,-1,4.962936387726687,43.89200646402715,63.03544597659687,Lassi
332,42.98153813842581,131,1,4.420013588283024,62.690114950158694,82.45073830273644,Kulfi
226,45.655542244832986,39,0,3.5859037453530442,83.33756089984881,65.61419239371129,Peda
466,72.5920486020876,197,0,3.6161048044913717,23.219434084899657,117.19144734352946,Ghee
147,44.97022911433112,297,-1,4.046930192602512,52.34647351259114,94.33682363758288,Rasmalai
154,50.38242603602776,204,1,4.163413021047261,73.0256491059464,99.16236050362562,Milk Pudding
148,31.378971778689472,165,0,3.751777314591678,56.352721404116814,61.19939662858652,Cream
434,43.59266124664061,181,1,4.11215305703745,37.72814257078356,84.66436585538382,Rasgulla
454,30.454266453683633,50,0,2.558831236035247,114.64159351350565,48.96705695411166,Kefir
360,16.587633139159927,72,-1,3.57405715974211,125.70919517183805,31.442202744436358,Milkmade
55,64.31037340432401,32,-1,3.197345190183692,53.472266898684225,83.55175385120087,Ghee
246,70.13915186995146,84,1,2.822936113107776,120.67453429881944,106.32846506470098,Butter
400,65.7541311408653,57,-1,2.748866282021938,70.1219633721708,88.69551543099874,Paneer
182,51.71446394205151,169,0,4.007980414036669,85.86915281102036,93.94991367533372,Cream
407,44.18072021613068,127,-1,3.809001367881529,131.28013973610985,70.55353399762625,Curd
308,87.70002846146427,109,1,3.133960292490923,117.49397863431302,133.59657786163578,Milk Powder
486,56.71736066225962,176,1,3.6773751469312863,124.6651906711031,100.07907052663174,Cheese
72,53.126368986675786,299,1,3.7305807879560207,37.78987165622638,105.39771503729135,Scoop Ice Cream
102,12.307785922579212,165,0,2.9875224510965395,29.06352535838483,40.77378697043258,Lassi
214,40.71230448635407,16,0,4.130232654704127,136.14261478143834,63.72448659668541,Kulfi
251,44.21760569072713,205,0,4.452298390965226,70.41845504424226,91.26342445798684,Peda
132,45.894050280721046,65,0,4.478658852223798,57.42435814905851,77.2694501541614,Ghee
194,62.215513230459905,202,0,4.006174576758638,114.21051305403718,111.05486613177219,Rasmalai
134,58.02422920541906,56,-1,3.779096456297535,128.73402755538137,85.64983651782556,Milk Pudding
127,64.71145835141002,157,0,2.6525178575134873,132.12365084677913,102.35704469681491,Cream
415,78.83949353879154,284,0,3.2195782471290144,61.079628346279556,132.94374764130137,Rasgulla
50,83.16871648444841,166,-1,2.7331786169454246,130.7876108562176,120.17640530381036,Kefir
100,74.6310768603845,211,0,4.909557902196184,25.3214127686649,130.16927401582242,Milkmade
222,95.99713263594413,135,1,2.8377003655644017,26.455993889763455,144.94133717729574,Ghee
254,11.640932440872547,73,0,2.879438524627755,101.05749537264008,25.97009355085428,Butter
309,27.620018711519148,185,0,4.72394154582623,28.20382798502101,68.60013115911566,Paneer
495,10.68065874803279,125,1,4.859820708691144,62.199191906321,41.60163311269503,Cream
498,68.27272427391426,213,1,4.4145725980872745,107.45827821210013,120.9444924130152,Curd
418,90.82274940549883,40,1,2.5135123091816745,63.844696487049426,122.63243293590895,Milk Powder
337,31.913406691866935,122,1,2.5033656773914092,43.34797158721247,64.90201571774685,Cheese
83,93.4331090316676,76,0,3.445251924468627,56.575580840999415,133.82858397333735,Scoop Ice Cream
397,15.424065126060476,84,1,2.8584884250272315,79.48479319255614,38.38796228002108,Lassi
144,94.09924241249628,54,1,2.545965355378993,81.80016119621271,126.7770943732144,Kulfi
121,41.6460418515671,269,-1,3.660166723511262,121.79003007513626,80.84068137316395,Peda
88,19.127874560429486,163,1,4.857654743517429,117.51991982609663,60.550032282389616,Ghee
203,53.72845832676931,164,1,3.3095489372560785,79.38631459229757,94.0903980794359,Rasmalai
299,33.109891094845715,243,-1,4.152851696071741,129.93675538284026,69.2715460775681,Milk Pudding
211,35.638561176573056,60,-1,4.130588382831101,34.85082801688146,53.00239046622362,Cream
487,37.65609684336579,271,0,3.1277002591629195,53.19593552975719,81.64558125827205,Rasgulla
167,82.27233080493971,134,-1,4.12606312205966,127.6369402552927,117.26447461367852,Kefir
308,58.52451490077291,254,0,3.030834935717228,69.13922502139991,107.032026179474,Milkmade
428,38.01769292404033,39,-1,2.8050185339422224,147.5536026431995,48.70251113059709,Ghee
355,64.93004049798265,131,-1,4.253458213899226,80.6129265986186,100.41675357039004,Butter
317,74.45356068008742,134,0,2.783602042759792,122.95163098528933,108.47067909006198,Paneer
498,34.53616006601804,46,-1,4.992273046473388,72.29991537970835,55.913003829157844,Cream
103,47.21941913728163,179,0,2.958631002875573,75.24395747811596,81.30009519367728,Curd
285,20.96974840032528,133,-1,3.9853546568911438,69.77480914694385,47.64744881117173,Milk Powder
438,26.303441458121227,44,1,3.5284364285314735,113.47983066640553,56.00250943785626,Cheese
271,71.30060685684845,96,-1,2.815966056014168,91.17732492779928,102.77939419095878,Scoop Ice Cream
300,26.329451292606425,143,0,2.5696097689435335,142.69115447788798,54.438433009399226,Lassi
362,57.26470453003542,205,-1,4.056830705732083,52.61574114943362,96.01424058580854,Kulfi
450,73.81416355501895,283,0,4.516893909472815,33.07315517084777,133.610683088835,Peda
161,19.618923078526947,210,0,4.60503915376686,71.12399306289798,60.191088781810215,Ghee
304,61.058099766601316,294,1,3.706783682692336,100.17265199408088,115.62571191016792,Rasmalai
352,33.09065053312274,86,1,4.443638667955964,131.90386179901435,69.84888877974518,Milk Pudding
456,96.66341877138218,68,0,4.182117833721362,65.00559526844259,134.6312999207698,Cream
256,53.51910820479323,135,-1,4.310636318747833,104.99227764618001,82.54469540170712,Rasgulla
278,82.53932947976423,118,0,3.7314975130545354,65.52582853301848,119.8596614188456,Kefir
390,59.52038879406356,233,0,4.083529350605318,100.23854578927956,104.65032490717564,Milkmade
447,13.907127956933724,287,-1,4.513814783940143,135.02503311398462,54.12206764617551,Ghee
115,66.98362380346201,77,-1,3.4947104388925574,50.07649349372318,90.90818078761083,Butter
124,95.62630079859913,78,-1,4.514947252168959,72.55141347391509,127.33206758884161,Paneer
484,64.1450638131698,174,-1,3.980042106972657,149.12447553586705,97.55111140285933,Cream
152,83.72699734841112,171,0,2.9147525609269658,132.91241367242992,127.14941647226522,Curd
471,89.5785817013567,51,0,2.5617103930614613,93.40318152650626,122.62702210930618,Milk Powder
241,30.527179475403923,118,1,3.4068840009978802,87.16158694105579,61.86859746186176,Cheese
301,29.0840355917404,60,0,3.8667408207408496,56.99804969960853,47.847572270451195,Scoop Ice Cream
275,64.98828899658926,259,-1,4.599550880508721,87.23722560015882,108.95684830680338,Lassi
343,46.99256228260342,30,1,2.8187142003506156,130.26359477639312,76.99416294354653,Kulfi
355,85.58751725800484,148,-1,4.500515869208948,109.07268672611147,125.94200491312718,Peda
147,91.002081105821,101,0,4.657522615168068,57.70572366313826,132.8107932686412,Ghee
387,41.807924137244626,289,1,2.8767187175020843,46.19030973695928,88.08015690030071,Rasmalai
335,31.318350307703387,134,-1,4.628985798260548,54.47710980958779,62.15534798719469,Milk Pudding
384,80.24729637194757,120,1,4.97863391960698,42.06869618106745,128.5133382144788,Cream
396,34.73254319933225,148,1,4.317097077620594,32.43329048308307,71.45115243292568,Rasgulla
484,84.03528866623105,282,0,4.46192420456247,74.48770267746715,138.52885661497524,Kefir
496,48.13644282838865,108,-1,4.986038168897183,34.7289485717748,77.3557245370779,Milkmade
357,70.07949093623233,261,1,4.013703126314864,42.348632504523565,130.60811814437366,Ghee
298,18.59817824512014,113,1,3.2697159550406236,91.1522089641332,52.079907351276276,Butter
215,66.14733922089158,223,-1,4.593827085190139,41.39790558094471,111.48675212459668,Paneer
384,50.65909108635062,258,1,4.036214443779079,28.30436976601737,105.97491690725941,Cream
79,62.79476168579267,161,1,3.9529885593023915,61.260550503625076,104.46423757488708,Curd
296,25.12127869703771,259,1,3.1340888887850955,48.64148282085578,71.32906175747908,Milk Powder
155,76.31863704497638,284,-1,4.390835673957216,86.98967443926898,129.82452851071514,Cheese
100,87.65173697889057,174,-1,2.7041681896502405,33.307720995817206,122.70171737275733,Scoop Ice Cream
130,29.506582008169808,17,-1,4.810717676986653,117.73020239878716,50.34159876986632,Lassi
